id,name
9379,Eys
58648,JM Flower
6282,Zespri
5451,Hollyfarms
5183,Sing Long
18253,Famous House
33523,MORRISONS
33115,CB
17876,GITS
5453,Hapy Grass
34405,THE DINKY SHOP
6518,Puku
7510,Munchkin
21261,Medela
21345,Dr. Brown's
13760,Combi
28644,SYH Kim Zua
37362,SYH Kim Zua Joss Paper
18663,SYH
6434,Air Wick
56740,Laifen
26027,Ghirardelli
57288,Pasticceria Fraccaro
10734,English Tea Shop
5349,Maggi
7516,Narcissus
9538,Indomie
9263,Ibumie
9667,Ayam Brand
5301,Hosen
5503,Myojo
5467,Quaker
7675,Nutella
5384,Aaa
5477,Nestum
6797,Skippy
49106,OSIM
5913,M & M'S
5082,Lindt
40615,M&M
7908,Sincero
5927,Beryl'S
5668,Cadbury
5919,Ferrero
6046,Lotte
11738,Fujiya
7713,Vicks
5833,Mentos
5836,Yupi
5875,Hi Chew
5805,Chupa Chups
5849,Haribo
5862,White Rabbit
10292,Fisherman
5839,The Natural Confectionery Co.
6367,Himalaya
8368,Storck
6892,Lay's
5065,Fairprice
6127,Pringles
6128,Calbee
9728,Ruffles
10156,Red Rock D
9653,Max'S Farm
7055,Seng Choon
5993,Khong Guan
5083,Meiji
5917,Loacker
56631,Julies
6022,Munchy'S
44401,VARIETY FOOD
5998,Julie's
9334,Ritz
10903,Roma
5664,Milo
5816,Tong Garden
7777,Yifon
5801,Sanwa
5273,Fortune
40270,MeiKeDuo
18941,SANWA
6503,Powerpac
48305,Gadget MIX-
12182,Apple
15165,Jabra
10239,Sun-Maid
7658,Yesnatural
24276,Green Earth
7506,Taylor
16991,Clearspring
54492,SUN Q
17177,Nature's Superfoods
9847,Loving Earth
8052,Sunny Fruit
7776,Superfoods
6975,Century
8029,Farmland
7945,John West
6424,Dettol
7779,Mcvitie'S
5198,Walkers
7858,Skittles
8536,Teo Mei
16408,Toh Daily
7670,Ikan Brand
9041,Ah Lai
9641,Mamee
27639,SYNT
20665,NINTENDO
61524,Playstation
13571,Vip
7470,Sony
6498,Lego
6043,Lotus
5916,Delfi
8366,Highway
8524,Golden Light
16980,Biona Organic
9657,Ovaltine
5442,Osulloc
59443,JM Flower
58940,JM Flower
10587,Tramontina
19675,TABLE MATTERS
17294,Bialetti
6073,Bourbon
6718,Mondelez
18946,CINDY
70148,CHIKALAB
6052,Londonroll
5908,Apollo
5904,Oreo
5303,Ego
7949,Win Win
11575,Fudgee Barr
19337,SwizzLef
6042,Phaner
9219,Treats
6294,Fresh
9837,Jack 'N Jill
5341,Campbell'S
6701,Sanko
5346,Hikari
5339,Knorr
6330,Coles
5338,Nagatanien
13227,Kirei
13043,Daisho
21752,COPPOLA
8528,Hanamaruki
8060,Wrigley'S
5731,Ribena
10745,Hudson'S
27582,Xiaomi
28157,Roidmi
6584,Braun
16314,Garmin
12584,Huawei
12586,Fitbit
54672,RAZER
12749,Google
5298,Mili
5147,Nestle
7449,Mi Sedaap
5423,St.Dalfour
8027,Samyang
5449,Betty Crockers
10687,Yum Earth
15263,Serious
38053,Anker
50271,Water Polo
12547,Galt
60369,Exploding Kittens
6000,Gullon
6017,Bahlsen
71928,TOPS
6059,Li'S
6030,Iko
6045,Lee
5184,Choi H Y
5256,Morinaga
46354,Nikoo Syokuhin
5775,Camel
5770,Nature'S Wonders
5516,Tai Sun
6408,Mama Lemon
5480,Post
10127,Captain Oats
5472,Kellogg'S
6696,Harvest Fields
8988,Carman'S
5462,Hershey'S
10488,Bob'S Red Mill
31064,Reese's
9880,General Mills
38133,Hershey's Kisses
6836,Kettle
8679,Win2
5486,Max'S
5873,Orion
26990,Su Ji
18657,Delyco
6304,Marukyo
7070,Oriental
12535,novita
6652,Europace
7231,Ifan
21585,Ogawa
5915,Snickers
5903,Toblerone
5930,Kinder Bueno
5928,Mars
5898,Whittaker
5896,Kit Kat
11591,Lynferro
5955,Andes
7546,Kagi
5063,Royal Umbrella
9584,Maling
5315,Nissin
6270,Golden Bridge
5502,Nongshim
18759,Duo He Tang
13038,S&B
7257,Asus
56512,Shokz
6541,Philips
13837,Gopro
56533,MSI
5688,Old Town
6878,Ah Huat
9843,Lao Qian
5101,Bragg
8336,Unisoy
7688,Australia'S Own
5076,Origins
13846,True Dutch
10218,Pureharvest
7855,Pomefresh
17949,Remedy Organic
5120,Oatly
7290,De Nigris
5154,Nature'S Nutrition
5874,Ricola
11300,Werther'S Original
6816,Kwhk
7718,Nin Jiom
5864,Corniche
7258,Strepsils
5777,Train
6654,Samsung
56496,Oculus
53143,Ecovacs
27786,Dibea
68656,JisuLife
28158,Dreame
12525,Bosch
69579,Airbot
56544,Dyson
6956,Twisties
20691,IRVINS
9690,Tyrrells
56553,Nikko Syokuhin
18874,ORI
6049,Hong Da
24672,YBC
14700,Ssh
29262,UNME
29017,REMAX
56523,Samsonite
15530,Lemon Square
53352,Anand
5196,Style Food
19791,Gin Thye
21417,YoBake
18154,Plumpys
5189,Royal Family
7097,Haldiram'S
5172,Suntory
22316,Dongwon
17918,Fish4Ever
28835,UNMEAT
38621,ATI Manel
6458,Jml
5962,Kinder Joy
6199,Glico
9070,Prima Taste
8113,Grocholl
10004,Old El Paso
10609,Ba Shu
13206,Yopokki
5753,Mtr
41457,Eatalian Express
11005,Sosro
17891,Peachy
9973,Gan Yuan
56529,Edifier
56497,Insta360
24431,Hasbro Gaming
26350,Smart Games
49197,Motobayashi
6917,Alicafe
5074,Carlsberg
5072,Tiger Brand
6881,Scott
5479,Kinohimitsu
9169,Alpha
18279,Cactus
10041,Ice Mountain
11170,Spritzer
21113,Lotte Chilsung
9909,Mamypoko
5745,Vitasoy
6529,Tena
5205,F & N
5204,100 Plus
6793,Gw
10859,Pukka
5323,Pacific
23796,Biona
10356,Tea Shop
5236,Alce Nero
5667,Lavazza
31593,Cheeky Bon Bon
6201,Sajo
9855,Del Monte
7315,Tung-I
12843,Fujifilm
51205,JBL
56493,DJI
56514,Theragun
72573,Rayban
49031,Tineco
7921,Eclipse
26442,Akai Bohshi
32428,SnackFirst
6900,Care
57459,Twelve South
56520,Skyzer
53350,Belkin
5240,Cj Beksul
5369,Cj
9898,Cj Bibigo
40479,Alsultan Sweets
18091,Bamboo House
18790,COCOALAND
15206,Ding Dong
37478,NUTRIONE
6115,Koh Kae
16548,Amazin Graze
5613,Kangaroo
10039,Black+Decker
8294,Bear
6644,Cornell
6504,Morries
6563,Toyomi
13189,D.Lab
21738,Happy Home
6002,Farmhouse
5267,Hotei
53593,Il Cesto
18580,Agromar
18696,CKH Industry
25028,Santa Maria
7417,Arrighi
18694,Fundemental
7025,Churo
9616,Green Farm
17885,Kitchen & Love
17877,Honsei
56506,Marshall
15927,Nakamichi
56505,Harman Kardon
68769,Hisense
44446,TCL
57421,Divoom
72325,The Singapore Mint
13025,Midea
6679,Aerogaz
20390,Golden Fuji
33318,Iris Ohyama
7395,Farfalla
5244,Cowhead
10081,Red Tractor Foods
8607,Nature Valley
5925,Merci
6333,Drypers
5162,Chang
7398,Sweet Home
9146,Life
28087,Oxygenizer
5160,Singha
5239,Nestle Nan
6401,Breeze
6820,Mitsuya
9971,Pepperidge Farm
9111,Laughing Cow
11246,The Golden Duck
9642,Mister
30196,Singapore Houten
8343,Haagen-Dazs
5899,Magnum
8234,Shaklee
17946,Tipson
23346,GUSTO
9161,Osk
6173,Want Want
9742,Cha Cha
28188,CHAOBAYE
8309,Dahaoda
5957,Sunday
24510,Laobanniang
18558,Harvest Box
45516,The Happy Snack Company
20321,Garden Picks
18297,Chui Hiang
26436,SOUNDTEOH
7006,Yakult
18958,POLAR NATURE DROPS
5893,Galatine
5878,Golden Boronia
18949,TRAIN
13028,Koala
5797,Beardy
7907,Binggrae
5751,Sahmyook
31591,Sesame Street
7186,Sumifru
7107,China
7143,Sunkist
5487,Pasar
6286,South Africa
11317,Fresh!
7158,Australia
39195,Orgo Fresh
26788,YayaPapaya
9856,New Zealand
32505,SLH
7153,Sunny
7193,Argentina
28413,GLOBAL SEASONS
49666,Yuan Zhen Yuan
9799,Karcher
40017,Hoover
15961,Ahimsa
67288,Kim choo kueh chang
25096,Du Hsiao Yueh
18944,FLS
9294,Exclwell
9756,Ben & Jerry'S
18306,MIZUNOTOKEI
5868,Tenkei
6121,Marukin
12665,Golden Rice Box
5253,Heinz
5360,Hunt'S
0,
6130,N.O.I
24658,Calbee 
17057,Unique
21082,Glico Pocky
6037,Arnotts
7333,Yogood
17849,Superfarm
32072,Envy
7172,France
7111,S.Africa
7168,Italy
7267,Fpon
5310,S&W
6405,Attack
5673,Nescafe
9808,Aureli
20744,Oldam
29670,Condor Satto
6403,Comfort
18829,Sunsuivi
21049,Rock Mountain
21157,Thai Wah
9934,Fiji
64071,NIMS
9917,Ritter Sport
5459,Van Houten
8392,Valrhona
28159,Redkey
18727,Lot 100
7443,Impact
5872,Uha
12588,Little Keefy
5847,Skisser
15803,Takahi
10969,Foodsterr
20329,Vegetarian World
5169,Asahi
35218,Diginut
29018,Baseus
6247,Sunshine
19303,Schar
28527,Sugo Tu
6365,Nivea
6603,Vaseline
6846,Jeypine
7737,Suu Balm
6698,Cetaphil
8563,Kangshifu
18506,HAI CHIJIA
19044,BAI XIANG
48999,YIN LU
19623,Chuan Heng Bee
62036,Twisties Chipster
24502,Mr Bazaar
9956,Kusuka
5639,Torres
17372,FREEZEPAK
8886,Milkmaid
7678,Ufc
8609,Pursoft
6868,Songhe
9202,Prima
5216,Naturel
6351,Kirei Kirei
10116,Farmers Union
5698,Pokka
5230,Knife Brand
6360,Oral B
5932,Dove
6354,Colgate
6359,Darlie
9257,Hormel
8452,Sanitarium
7233,Familia
5689,Super
9503,Taisun
5314,Golden Boy
5262,Gulong
5714,Ice Cool
8633,Prime
67242,LIQUID DEATH
6886,Starbuck'S
5226,Pagoda
7205,Double Fp
5374,Tai Hua
5351,Lee Kum Kee
9669,Rice Field
8905,Chee Seng
8622,Wakodo
21083,Glico Pretz
10942,Baileys
70434,LA DELIGHT
5970,Zaini
32537,Axquisite
32146,GATZ
26321,Learning Kitds
6709,Algo
7469,Citylife
6468,Lock&Lock
8443,Ecoco
41321,GLADLEIGH
52600,Araven
20588,Bormioli Rocco
15978,Brabantia
8135,Komax
6693,Hai Di Lao
13136,Sugimoto
36755,Sato Gohan
8169,Sato
20391,TOYO SUISAN
10871,Earth Choice
37387,UNDO THIS MESS
8237,Qv
8501,Juno
8351,Aveeno
9033,Jorubi
27782,Jergens
17872,Now Foods
8526,Eucerin
6826,Gardenia
50693,Franzzi
19350,MARUYO
5213,New Moon
56548,Stryv
40564,NV LICENSE
11093,Lamolisana
18344,Shahi Golden
7342,Jintan
8209,Nzhn
8023,Nobel
11724,Difflam
68739,WARHEADS
9179,Persil
19665,Seventh Generation
8542,Farcent
20574,Noblesse
6350,Lux
8076,Kao
32432,natural & organic
7870,Koikeya
60352,Rubio
12513,Herr'S
28205,Ooh Mala
18713,Pik-Nik
21036,Lays
5530,Guinness
29014,PremiumSG
11212,Bonvallis
16807,Boxgreen
7426,Kewpie
11341,Neoflam
17295,Tanyu
9791,Ahling
10632,Kim Poh
7311,Authentic Tea House
9959,Carnation
5181,Marigold
6430,Kleenex
5738,Coca Cola
35654,Forty Thieves
5474,Alpen
5127,Anzen
27231,S & W
17347,Gum Tea
36709,Fairy Port
46027,Griottines
28760,DGF
57936,Brover
5265,Amul
9053,Fong Yit
5304,A1
13567,Gldn Peony
9063,Sin Sin
8317,Supreme
18507,SMARTCHOICE
17753,Blue Diamond
17841,GardenScent
34586,REFOODS
5829,Kasugai
6877,Cha Pai
9727,Wong Lo Kat
28773,GENKIFOREST
35189,FOX ITALIA
60333,SUPERBON
9423,Shi Le Po
68562,Good Crisp
20591,Shermay's Singapore Fine Food
73880,Brusa
32343,OLLY'S
6390,Carefree
6387,Kotex
9966,Head & Shoulders
7215,Listerine
6912,Lifebuoy
6343,Pantene
5400,Woh Hup
10072,Cock Brand
9335,Oki
9925,Golden Lion Brand
10089,Shokaku
9764,Royalindia
6532,Cirio
5355,Glory
28192,Taste Original
8936,Harraways
9435,Busybee
30591,Fruit Plus
6859,Tic Tac
40877,ZOLLICANDY
5144,Scott'S
39859,The Natural Confectionery Co
6480,Minions
17842,Australian By Nature
6242,Chinatown
10737,Spring Home
7131,Mission
8039,Banh Trang
24598,Thuan Phong
9234,Uni-P'Dent
5515,Koka
30594,Comfier
65278,Ferns n Petals
32701,SABATON
18680,Fabbri
7108,Dole
70380,Wanna Freak
30544,Pafritas
8106,Adams
13087,Yamada
21141,HOUZE
5279,El-Dina
5075,Snow
5161,Tsingtao
9968,Rio
9428,Harbin
9547,Goldenbell
61707,LIVING FOREST
8923,Q Three
17539,Kinder
16698,Tangshop
37528,EVERYTHING GOOD
6855,Smarties
68595,GUSHERS
16668,Biograde
6412,Magiclean
8320,Tay'S
6406,Softlan
9746,Taj
6371,Biore
27315,Miyu
9857,Banana Boat
8798,Bioderma
29942,SUNOHADA
6902,Ginvera
8684,Meyer
9432,Libby'S
20194,DEEP
20193,PAPAJI'S
5498,Safoco
18407,UPGRAIN
20595,Sumeru
9693,Laoganma
16547,Haday
5561,Plum Blossom
8910,Vitamax
5500,Ottogi
65111,FEASTABLES
5974,Godiva
9091,Cachet
5294,Wei Chuan
7695,Dragonfly
8944,Companion
7869,Venus
6379,Gillette
6383,Veet
6378,Schick
8133,Bic
22997,Pure Paw Paw
7416,Mentholtum
8726,Sebamed
12984,Striking
13369,Leftose
8812,Rosken
9129,Sukin
28189,Eveline
6382,Fruit Of The Earth
5064,Sis
7166,Lucky Bin Bin
6988,Duck Brand
7324,Okome
7338,Dynamo
7946,Cintan
8475,Wang
10323,Vogel'S
19607,Six Fortune
58281,HAPPYCLUSTER
17755,Quickbury
9947,Rafferty'S Garden
10330,Flying Man Brand
6414,Mama
24678,DR OATCARE
16882,Tasti
18783,COOK-TOK
8725,D Therapy
29454,BI-ES
59981,Bubble T
34295,Mamaearth
12031,Laneige
18281,Botani
12030,Byphasse
7974,Daucy
9071,Q-Three
58952,LITALY
26240,Aleva Naturals
27849,Kinepin
26916,Earth's Bounty
47472,DARRELLLEA
9810,Ceradan
7336,Bepanthen
18280,Good Virtues Co.
12063,3w Clinic
46390,Dove Men+Care
18789,CHUN GUANG
21042,African Sea-Coconut
19802,Green Bio Tech
5783,Kanro
45214,Fupaiyuan
9684,Harvey Fresh
10075,Mayvers
5604,Penfolds
7276,Sunsilk
6355,Follow Me
8340,Silkpro
6388,Laurier
9644,Teapot
6211,Scs
6047,Nabisco
10151,Cheetos
7738,Sheila G
5909,Reese
5906,Palmer
17848,Superchia
5231,Medella
5452,Kara
5709,Hakubaku
12284,Bonbijou
33280,BabyOne
47100,My Bunny Friend
5357,Kikkoman
6672,Sakura
6767,Mona
5227,Bertolli
58917,Calbee Frugra
51810,OATIBIX
16844,Zenko
16927,Nature'S Bakery
56005,MR BEAN
18998,Ambikas
6810,Arumi
9733,Hwa Nan
27230,Illiada
35177,Doctor Q
22605,Mentholatum
23000,Alteya Organics
27797,Naturaverde
21778,NCLA
66120,BodyBoom
5293,Yeo'S
20020,Uncle Ram's
27750,Nature's Glory
5200,Wescobee
5907,Sugarless
33278,Nestle Kit Kat
62677,Ziaja
6774,Safi
27622,Evoluderm
38622,Deep Fresh
9860,Bio-Essence
7638,Fresh Rice
7396,Lg
31066,Loren
72909,Pena Gallo
56509,Sennheiser
6427,Clorox
6454,3m
6455,Scotchbrite
7876,Tsubaki
6344,Loreal Par
9980,Moist Diane
7407,Eversoft
8710,Ellips
7337,Essential
6364,Gatsby
7854,Kaminomoto
26349,Ayumi Naturals
16409,Grafen
8270,Yanagiya
7201,Fino
5288,Rex
6349,Shokubutsu
7049,Sensodyne
6625,Sofy
54729,Nissin Demae Iccho
18856,Big Foot
12509,Sambucol
7852,Ferrara
13123,Senjaku
29260,BabySafe
36605,Parklon
16481,Ka
7247,Wall'S
5448,Bake King
50149,FUZE TEA
8199,Kjeldsens
7038,Buttercup
9912,Golden Circle
44594,SUNAR
49863,NoStik
6260,Seaco
8214,Mothernest
9142,Dr Gram
36223,IQBar
6874,Goldkili
9994,Mother Earth
6942,Etblisse
6742,Hup Seng
5630,Jacob'S Creek
12599,Little Creatures
5610,Wolf Blass
33208,OC NATURALS
5464,Planta
8151,Physiogel
8727,Dermaveen
27646,Elizabeth Arden
8182,Basic
8728,Topicrem
18383,Urban Veda
22223,CeraVe
21725,Bio-Oil
7964,Dewei
11561,Hand In Hand
5201,San Remo
5229,Borges
11028,La Costena
9127,Jiang Ji
18684,AAA
10663,Food People
17958,Moogoo
5546,Kook Soon Dang
8173,Pn Kids
7404,Victory
33004,BEST Choice
6386,Whisper
8102,Taffy
55634,ONYA
8816,Regaine
27577,Kerastase Paris
8062,Y/Tonic
22896,AUSSIE
18560,Yohmo
26966,MOREMO
27855,Le Senze
5096,Alpecin
60508,KUNDAL
23359,Moroccanoil
11576,Batak House
9106,Good Lady
5674,Horlicks
24497,Musashi
29231,Quest Nutrition
8406,Kai
66109,JOVS
72326,JOVS
12975,Minor Figures
6869,Killiney
31141,KONA
7423,Vita
30501,Frans
5642,Brown Brothers
10607,19 Crimes
5157,Blackmores
9993,Cabbage Brand
6932,Dutch Lady
5463,Dr Oetker
7241,Native
5280,Golden Chef
16416,24 Mantra
18409,Lishan
10055,Doritos
7617,Chipsmore
26725,ChapStick
17883,VLCC
18283,Trapa
27156,HiP
27157,Love Cocoa
6694,Capilano
10261,Panda
25541,Rodolfi
19788,Green Earth Organic
69341,Alishan
9979,Jinro
18984,Nissin Demae
28550,Tsuru
7048,Chilli Brand
7672,Zow Zow
9637,Ishinomaki
6345,Lucido-L
27839,RYO
5097,Tresemme
6941,L'Oreal
5199,Essano
10064,Selsun
6336,Johnson'S
6358,Systema
7644,Cloversoft
7522,Clear Men
70497,Yoose
7629,Mantova
9790,Kamchan
8701,Morlife
40305,HATSUGA
6366,Olay
16484,Beauty Of Joseon
6368,Hada Labo
67670,Pretti5
6375,Neutrogena
9270,Snp
9512,Avene
27975,Clarins
9531,Renmano
39349,MY SODA
6439,Helmig'S
25548,Ito Seika
44387,MAX OCEAN
16780,Nonya
15892,Boy Bawang
20197,Vegky
43510,GOLDEN SWAN
6031,Serena
20272,Tom & Luke
6272,Hup Chong
24445,Makhana Wala's Salt
6051,Pei Tien
17801,Mamami
25853,Healthy Mate
46004,Xiang Hui
70347,Fitbar
17231,Organic Wave
16632,Patanjali
49109,Phiten
7769,Palmer'S
6712,Maltesers
10746,Cheezels
9709,Bio-Home
6815,Anchor
8082,Skyflakes
9680,Harmuni
6514,Tefal
61386,Russell Taylors
16289,Iona
16778,Happy Happy Soy Boy
37288,Absorba
22312,Promess
21750,JAMES WHITE
7668,Thumbs
6116,Farmer Brand
10759,Battle-Ship
8545,Frezfruta
5260,Tulip
36182,Thuringer Landgarten
7299,Truffle Hunter
11017,Parachute
27754,Kerastase
33024,Difeel
8964,John Frieda
67208,CARMESI
21670,Nikken
22654,Seiwa-pro
31351,CASS
5372,Mccormick
5413,Prego
5902,Ghirardell
28038,Sauce Co
40941,Zhan Kang - Newture
73689,Chipso
19042,WEI LONG
28134,FULFIL
20214,Rude Health
69179,SLURRP
9943,Ashbrook
8181,Icm Pharma
26015,BIONIKE
66984,Tree Hut
9938,Growell
26768,Naturvital
11209,Neo
8789,Audace
28141,RPR
9736,K-Grill
6561,Panasonic
18796,Iliada
29129,Armando
19812,Shinshin
68754,Snazzi
6411,Febreze
7667,Uic
6502,Energizer
8580,Praise
6402,Top
19548,100% Pure
32629,DERMA LAB
50633,Peach Blossom
6374,Nutox
27423,Orjena
46764,TERRAZEN
27748,BL
5640,Yellow Tail
5098,Pearlie White
7274,Walch
7540,Tostitos
16948,Delphi
18893,Monin
5418,Damico
10641,Sayang
9092,Heidi
45511,Hu Kitchen
56552,Mojo
7045,Kee Song
18423,SANA
25850,Hylands
7112,Kelly'S
50602,Bormio Rocco
5680,G7
28238,Cheong Kwan Jang
20692,OPPA
20466,Bohae
8741,Oxy
8071,Clean & Clear
9529,Biore Mens
25799,J-COOK
17272,Good Virtue
16568,Dabur Vatika
30051,Tara
23614,Cake Beauty
53570,VELLO-5
5606,Hardys
18654,HaiChiJia
19153,Hai Chi Jia
17907,My Choice
61863,Hamac
57461,Propoliz
5844,Mikakuto
47134,Fruit Tella
49864,Perfectdent
7810,Eiwa
5212,Golden
5088,Disney
8641,Heritage
8412,Lurpak
16827,Rudolfs
44017,Baishixin
5933,Furuta
5274,Sun Kee
9230,Royal Sea
5385,Adabi
21644,ON KEE
6451,Homeproud
5337,Cp
6134,Snek Ku
9350,Aqua
5166,Sapporo
37013,ATKINS
16026,Krusteaz
6880,4m
9390,Three Leg
9696,Dasani
5703,Lipton
28414,Ottie
59841,Loveliner
67306,Daisy Doll
47075,EXCEL
8790,Clearasil
28818,Cettua
21074,THURSDAY PLANTATION
29784,Lady Rose
8508,Hiruscar
21047,Galderma
35054,Apricot Beauty
22956,Derma Angel
17763,Pretty Skin
22995,The Goat Skincare
7114,P&L
27905,Touch Beauty
67207,GOOD VIBES
9395,Adon
5266,Amocan
48036,Thaiwah
22916,MOXIAOXIAN
50692,Haifusheng
33273,CHORONG
6852,Thai
7171,Simply Organic
9931,Pasar Organic
9865,Autentica
6287,Bc
25214,Maro17
27756,Olaplex
27853,L'Oreal Paris
25150,Biogreen
20019,SENSI
9606,Depend
16926,Brothers All Natural
35062,Love Beauty And Planet
8495,Bin Bin
7544,Fantastic
7748,Ceres Organics
5109,Sunrice
29613,Koko
58164,Gee.ef
17757,Nut Walker
5091,Denroku
22988,Marucho
7259,Cocomax
7001,Magnolia
9605,Doux
5380,Dong Won
69162,The GFB
31624,PHD
16960,Catch Seafood
8486,Kaviari
5285,Maruha
28761,Huileries De Lapalisse
18115,TOHEI
18831,Nissui
5685,Indocafe
9704,Chek Hup
5739,Pepsi
5202,Seasons
5697,Boh
51907,AK NOODLES HOUSE
20264,EPITEX
9055,Pristine
20467,Jinsim
20465,Sejong
61130,Fly Up Cosmetics
7543,Maybelline
22248,Dermal Therapy
6421,Ecostore
18420,Minologi
8228,Uriage
55205,A Bonne
19310,Coroku
8805,Bio Oil
26444,Boatrocker
32502,Beauty Language
23032,BEAR FRUIT
28559,Nelly
38497,Made For Drinkers
27812,Bodytools
32948,Purbasari
6588,Everyday
15577,Guan Yih
37589,Wolong
11740,Amanoya
10048,Honda
41778,HBAF GILIM
9336,Anarkali
20298,Kangaroo Harvest
28678,PROBAR
50698,Vegtometo
25868,Key Sun Kids
20287,Ace Cook
11829,Sanyo
5174,Kronenbourg
5246,Anlene
5176,Hoegaarden
10084,San Pellegrino
12345,Trek
5138,Kind
26241,Kinds Bar
38837,Fitbakes
30583,Atkins
35227,Condor
27518,Big Bee
5683,Illy
30447,Weihenstephaner
13573,Seara
6722,Fanta
9051,Gold Roast
7906,Kickapoo
9393,Manicare
49105,Ohora
6384,Adidas
54413,Maison Margiela
58101,-
27979,Estee Lauder
28065,Versace
28972,DKNY
22962,4711
27652,JIMMY CHOO
11602,Dr Mist
20368,Q PERFUMES
45863,Yves Saint Laurent
28967,Viktor & Rolf
29009,Ralph Lauren
7359,Nexcare
9022,Echo
21564,Sanada Seiko
32030,ZHENGWEN
70149,BOMBBAR
35836,Huong Xua
21807,Tung Kee
20268,CATERPILLAR
16311,Odette
65499,ANDSONS
28099,System 4
28676,Helen Seward
18142,Sebastian
15549,Yamano
28407,REF
29783,Grigio Toretoman
28136,Chiett
28740,Bessho
57766,Wai Sun
7240,Smuckers
9609,Codfo
6724,Nufresh
8328,Royal Cuisine
9730,Enfagrow
5179,Somersby
13166,Kingodo
9095,Kameda
12697,Masuya
35469,Huong Nam
7269,Iwatsuka
7349,Coffeehock
9679,Mug
5476,Owl
5736,7up
5750,Allswell
21084,Glico Collon
10225,Nepia
11739,Takara
44642,Icor
71741,DR. Althea
6380,Nivea Men
26045,POND'S
6684,Garnier
67988,LOREAL MEN
9661,Vitagen
6185,Apex
7089,Yuri
32692,Maxi Clean
25696,Yuri Tril
14302,Eden
19341,PASTAGETTI'S
29758,Guy Laroche
29505,YUMEAT
45637,KINTRY
18068,Kind Bars
21710,Goldwell
28215,Floland
18721,Essentiq
5828,Sakuma
5885,Hong Mao
6132,Wakabato
8623,Uu Care
5677,Aik Cheong
5761,Pocari
25867,Victoria's Secret
17065,Sandora
17062,Umbro
67490,Valentino
28966,Thierry Mugler
5438,Simple
6864,Evian
7632,Hhtpl
6805,Sadia
33146,OATSIDE
7023,Nutrisoy
12963,Hampton House
9676,Conchatoro
8685,New&Trendy
9853,Eu Yan Sang
6265,Peng Wang
17693,Tiger
35268,Homestar
28361,BeBecook
5068,Heineken
5316,Imuraya
18292,Furn You
5284,Ayam
24550,Cinta
12574,Sennarido
17010,Malika
8899,Balparmak
7445,Papa
9926,Arataki
10285,Sunway
17935,Gold Choice
26239,PRAAKRITIK
13775,Yamamori
7313,Rhinoceros
6662,Mirinda
57752,HILLWAY
28811,Iden
28130,J Beverly Hills
8346,Maro
7727,Plantur 39
32719,Fruit-tella
5843,Ribon
5796,Lion
7721,Snakebrand
6998,Polident
7329,Curel
19546,Moroccan Natural
22609,The Ordinary
29010,Lancome
7334,Mcm
27647,KENZO
29756,Clinique
12610,Presio
21743,DBEST
7804,Clearblue
19051,LACTOKIDS+
8235,Greenlife
35892,NewGen
25851,Natures Aid
7220,Amir'S
6227,Farmpride
10738,Bonne Maman
9176,Kessler
49870,White Magic Eco Basics
46031,Oxi Wash
24788,Clean Conscience
9957,Bebesup
57372,LADY BOBA
21811,Imperial Tea
9424,Popcorners
28841,The Face Shop
17341,Zess
6085,Vicenzi
7930,Regal
42152,Dewberry
22876,CALYPSO
28529,Aromatic
24802,Original Sprout
30593,Snailax
11478,Sodastream
48043,Jheng Chun
6450,Durex
37572,DUAI
37570,Xuan Z Lan
37571,CEELE
7403,Redoxon
34933,Nutri Botanics
12606,Biogaia
20643,Holistic Way
54412,Juicy Couture
28643,Paris Bleu
28608,Franck Olivier
64999,Tommy
29540,Cacharel
28852,Moschino
72839,Dolce & Mania
38778,Ducati
38779,Bellagio
12954,Axis
70150,SNAQ FABRIQ
6357,Elgydium
26113,BLOOD
14833,Lux Shower
29615,Maier
6547,Lec
57897,Anua
34333,Remdii
7406,Safi Rania
19076,Bad Lab
6987,Sweet Nature
10260,Beerenberg
24081,Banarasi Truffle
5854,Jelly Bean
7573,Okamoto
19295,OJI
11096,Quest
18041,Bioley
8769,21c
7871,Swisse
33207,VOOST
9367,Natureplus
71214,Biowell
5067,Vitahealth
8553,Nordic Nat
9836,Ocean Health
6778,Bagus
12022,Sulwhasoo
39509,SK-II
61131,the SAEM
24835,Kose 
54414,Kiehl's
10660,Stella Artois
5158,Baron'S
9977,Johnnie Walker
8288,Codorniu
28642,Agatha
28973,Aramis
38096,Britney Spears
27966,Women Secret
17052,Sebitar
22619,Some By Mi
21632,COREN
49867,SkinnyDipped
8391,Lune De Miel
18601,NEW YORKERS
6812,Sprite
38772,TP-LINK
61670,BUGLES
41619,YUMI
56970,HEY! CHIPS
10620,Corntos
69368,Makino
68563,Hippeas
22753,White Magic
56629,KleenGuard
8143,Hg
22337,LIAO
12074,Vileda
57747,Oates
25697,Yuri-soft
37574,JIUUY
37573,OLO
18553,Babience
6791,Suntex
17751,Ora Organic
6627,Marutai
50101,Elishacoy
28209,Guess
6101,Britannia
6528,Wmf
12378,Akai
37999,Hello Panda
19969,Health Paradise
13050,Momoya
73726,Kellogg
24493,CH-Alpha
27585,Minihelpers
16942,Biofinest
8064,Centrum
27254,Nano Singapore
28172,QNWELLNESS
8236,Kordel'S
8770,Al
63938,Protocol for Life Balance
5510,Barilla
35750,Kyowashiko
21574,Kyowa
21577,Okazaki
9158,Boklunder
10364,Chilli Brand
8507,Mei Way
15063,Goldenb
17139,Appelin
8218,Vitabiotic
20485,Milkaid
8167,Naturesway
8215,Pediakid
9749,Wet Brush
25566,SKIN1004
5504,Paldo
7915,Tohato
37655,Nano Japan
5537,Yomeishu
6531,Glucolin
8038,Berocca
8767,Neurobion
9218,Qianjin
8830,Enervon
58104,BLAAUWKLIPPEN
58103,Royal Rhino
31301,Lee Biscuits
27745,Air Val
6377,Silkygirl
7708,Panadol
6392,Poise
44015,NanoLab
6872,Brand'S
27167,SKYPRO
8440,Sawaday
56528,Cricut
6262,Okeanoss
8111,Wk
9118,Chef Delights
30675,Yuan Shun
18293,Farmer Fresh
18197,Love Earth
5149,Usclinical
8765,Afc
8205,Red Sun
8354,Thomson
10757,Kokubo
18964,Q5
7163,Golden Palm
35811,ANEW
20484,Colief
36768,Gangfu
57894,Sea Herb
38714,GOODAL
45616,Ddukshim
8766,Labo
18985,AFC Japan
5428,Huiji
17963,CTOMI
16621,5-Hour
5533,Kirin
7492,Hennessy
26853,EDELWEISS
5766,Leo
9589,Raffles
9708,Godfather
9985,Chivas Regal
7863,Martell
8221,Tampax
6795,Zyrtec-R
7931,Baygon
7730,Tiger Balm
8612,Assure
7711,Yu Yee
17063,Belvani
26648,Bambooloo
10662,California Creamery
7890,Tes
7709,African
6952,Nurofen
7212,Woods
12501,Prospan
9762,Farmer Brd
18942,MAMA
69370,COUCOUL
7262,Mavella
49824,Meiji Yakuhin
70346,Mavella Superfoods
5379,Ajinomoto
7857,Harada
8247,Nanowhite
48681,Nightingale
10168,Tadka
9310,Bd
7712,Mopiko
10676,Mossif3
8768,Kefentech
8445,Lifree
6447,Hansaplast
45842,Tagami
35752,Mitsuki
41752,Seiwapro
25852,Ocean King
8223,Efamol
7608,Aladdin
7611,Redondo
17106,Ob Finest
8686,Sara Lee
5742,Schweppes
7093,Jing Li Hwa
18336,Aw's Market
18707,AUST FRESH
20731,Meat Affair
25922,KSP
9850,Clarityn
9409,Telfast
7710,Eno
8301,Fluimucil
11493,Nuromol
8721,Norit
10761,Aleve
16941,Duphalac
7714,Gaviscon
25646,TYLENOL
9057,Zhen Zhen
25989,DURO-TUSS
9812,Kent
16413,Medimix
6348,Palmolive
25924,OGAWA De-Luxe
25926,OGAWA  Mobile Shiatsu Lite
51565,Oclean
6160,Dahfa
7745,Jacob'S
27192,ALCHEMY
5427,Polleney
6728,Habhal'S
10312,Jules Destrooper
5148,Avalon
8589,Bioglan
23009,Earth's Creation
10234,Antimos
9040,Kool Fever
32507,FLOWFLEX
7415,Axe Brand
8276,Refresh
8150,Mysore
14868,Camay
15534,The Blessed Soaps
48586,Madame Heng
26358,Bioaqua
50471,MilleFe
30056,LA colors
50472,Colorrose
8376,Senka
21338,Nature Republic
8532,Ultracarbon
10798,Mucolix
12500,Lacteol Ft
8490,Dulcolax
9315,Senna
17160,Dhamol
8562,Actal
12626,I/Resource
8746,Robitussin
16639,Lor
26284,Mr Joy's
10061,Mandom Corp
7603,Brylcreem
8694,Liese
6862,7d
6153,Tao Kae Noi
6217,Philly
7073,Chew'S
27645,Bona
9919,Garden
9622,Falwasser
5392,Mizkan
9893,Rhinathiol
10954,Iliadin
10763,Sterimar
31647,CLARITYNE
16604,Euky Bear
8821,Betadine
7236,Harvest
7036,F & N Fruit Tree
5155,Salonpas
6606,Jackie
8220,Omron & Compad
21740,Qmeat
6756,Emami
17122,Danzen
10672,Maxigesic
17137,Biogesic
17039,Neilmed
9849,Nodogle
21127,ABBOTT
9892,Simtec
49819,DRINKAID
19769,Labottach
34925,Nutra Botanics
34331,Grofinest
12608,Lactogg
7956,Red Seal
21057,Immuvital
34410,EC Sports
24660,Lao Xie Zhen
18919,LABO Nutrition
6394,Lactacyd
50891,HAESONG
6032,Imei
57322,Tian Pin
18384,VMV Hypoallergenics
27610,JSTYLE
21273,SARAYA
13402,Harmony
7959,Yarra Valley
10812,Mowe
28654,ecoHOUZE
30118,Vigar
6334,Kodomo
8997,Flo
7707,Optrex
6437,Ridsect
7028,Nutriwell
22981,Schwarzkopf
21070,Rennie
12505,Hydrosil
17161,Forlax
22606,Ya-Hom
32945,Huachi
22252,Kaloba
21086,Mountain Harvest
10204,Double Decker
57327,lucky bun
6991,Al-Baqa
6231,Bobo
18237,Healthy Club
7435,Mincher
18337,Snake Brand
7684,Cuticura
7692,Enchanteur
6930,Yardley
6747,Ponds
8157,Esentiel
19068,Kumbam
17983,POKKA ASIAN FAVOURITE
5681,Ucc
49834,BODIEZ
25586,SK900
8601,The Meat Club
17201,Uroplast
19575,ALCARE
13483,Safety
19579,LABTECH
59417,ASSURE Medical Disposables
21096,Bluna
27021,Wistech
11902,Td
7067,Kca
51820,Golden Chamber
18591,VITALITY NZ
8855,Vitroman
19023,HEPTRAL
72555,ULTRAVITE
57315,YT
21189,Food Yo
29506,CODE 10
9576,Eye Mo
68560,Numbuzin
59619,Needly
6713,Stute
6802,Devondale
9647,Dutch Mill
5737,A & W
8333,Cafe 21
39175,LOVE LINER
10747,Greenfields
7600,Soundtech
7077,Natural
8777,Viartril S
9913,Sinupret
22249,Yunnan Baiyao
19832,SMECTA
28237,Hiromi
59442,JM Flower
7576,Rexona
27686,Bunnie Bash
5901,Elvan
41336,Vital Proteins
8771,Cebion
29566,Care Plus
12616,Octenisept
10831,Thursplant
12504,Soov
12613,Dermatix
12617,Strataderm
25645,MY BIZCUIT
8714,Voortman
8295,Jacobsens
21045,Bactishield
10268,Abt
40775,B Braun
29060,Greencare
46474,Connoisseurs
25275,WELLCARE
18559,Whealth
35539,GOLI
27852,Paul Mitchell
7933,Hospicare
6525,Sunsweet
7054,Unicurd
8699,Lynx
10110,Bactidol
68559,TIRTIR
34364,KAINE
10780,Melano Cc
57400,Millefee
41490,CEHLA
21208,Weleda
39171,Organic Throat Spray
21849,TANAKAN
19065,Natural Aid
35331,GERMIDINE
8352,Colada
10612,Hirudoid
22954,Centellase
8325,Sudocrem
10086,Macdonald'S
25962,SMITH & NEPHEW
26395,Adventure World
16696,Mepilex
32361,ONIQUE
19582,PLAID
9499,Alcon
8947,Ammeltz
28187,PANBIO
9108,Naspac
5724,Haitai
10327,Rebisco
7203,7th Month
8191,Caltrate
52922,ZZZQUIL
8854,Sangobion
6410,Dylon
54700,KleenGuard?
9183,Off
6431,Zappy
8383,Earth
30446,PurityWhite
9902,Abbott Ensure
5740,Jj
8075,Perrier
5679,Moccona
5694,Twinings
7554,Glade
5228,Equal
10527,Dolce Gusto
5235,Lipco
14036,Lysol
9275,Mucosolvan
6267,Deli
64407,Soaply
7560,Stayfree
7702,Clear
35174,ACTIVJointRX
8842,Ch Alpha
7314,Sanrio
19577,MAGNATE
39944,Eco M TWL
45465,Koli
8939,Nutchies
54217,Yava
6038,Kerk
8463,Carr'S
39858,Jacob
7686,Rexona Men
8835,Beiklin
34332,O.R.S
21079,Yukare
18002,Glucon-D
9723,Trulife
59537,BONBACK
10112,Homesoy
9635,Ufc Velvet
7225,Minutemaid
7616,Ye Ye
6220,Paul'S
18291,Morilins
6436,Mortein
10656,Hisamitsu
10867,Caredyn
6435,Bio-X
12619,Neutricare
28228,Thermacell
7847,Babyganics
27581,Obasan
28489,Natruth
27080,Hygeia
5666,Boncafe
9722,Cocolife
28229,White Wizard
50103,Face Factory
57320,Xiao Xiong
34417,ShapeUp
57422,Arpha
9960,Pslove
6762,Shoon Fatt
5401,Tiparos
21567,Seiwa Pro
28732,Fuente
25770,Buggrrr Off
9168,Moz Away
26706,UNICARE
5257,Pigeon
10664,Mozquit
10760,Zam-Buk
49728,Salt Of The Earth
65439,Rollink
7648,Garden Scent
17250,Gabrielle T
10861,Kobayashi
10844,Fresh & White
9567,Silcot
10766,Mr Tea
8837,Hypocol
7922,Kingoscar
32365,Cockburn's
19554,Kiku-Masamune
7625,Iichiko
32164,Dictador
10821,Jack Daniel'S
6536,Ozeki
33704,BenRiach
33702,ABK6
38776,First Drop
7962,Sunrise
32163,Starward
21355,KAMIKI
38099,ForFurryFriends
68006,Lynk Fragrances
6638,Endo
64336,CLUB Suppin
9020,Gar'S
7715,Double
9867,Complete
5306,Perfect
9464,Cornetto
10584,Seawoods
18374,Kouga
8074,Nespray
27419,Cover Your Gray
28759,*
6445,Borsch Med
33706,The GlenDronach
20357,Meiri
38698,Cocchi
31656,Ferdinand's
37529,The London N1
33705,Glenglassaugh
33707,Herradura
22330,DAN
28152,Mrs McKenic
12579,Trista
31623,Orgain
17752,Amazonia
30585,Labrada
9986,Kiddylicious
7306,Nico Nico
7671,Ginjung
10165,Meadow Fresh
45847,HABF
36797,Moller's
20330,Alima Pure
12573,Kuriyama
8484,Gery
24933,TIGI
6167,Akishima
7790,Triple-M
17956,Ru Yi Floss
54854,OCK
40271,Taekyoung
27196,RESOURCE
31625,Prana On
16860,Showa
9586,Wako
35748,Maruwa
38741,Rumiko no Sake
33703,Bumbu
33701,Old Forester
37530,MOM
19736,Tamano Hikari
41402,Rimapere
9967,Abbott Grow
17329,Antelope & Rhino Brand
5389,Cap Limau
7420,Mermaid
5143,Kct
8277,Erawan
9277,Avajar
11726,Kose
6103,Yamaguchi
18905,PROME
7778,Wasa
28850,Bebeco
11104,The Kitchen Food
18755,Lucky Me!
57910,BINARI
6913,Snacky
18084,Tai Won
35019,Houten
9192,Zico
61206,Lefant
28160,ILIFE
9038,Kwan Loong
72193,AIRE
5517,Sun Brand
18496,Ben & Anna
7968,Biologika
13185,Alfax
13188,Pentel
6655,Stabilo
6465,Zebra
6482,Pilot
40632,Yangarra Estate
48713,Louis M. Martini
19564,Koshino Tosetsuka
19841,Shirakawago
20359,Dewazakura
15600,Ohshukubai
19839,Ginrei Gassan
7864,Lucido
54731,Pine Glass
36842,Meet Mee
9115,Itoh
8570,Nutrilife
5581,Choya
18894,OXO TOT
32119,Pourto A
58926,HELASLIM
15337,Yamaei
7421,Tanaka
55218,GuTong
19112,SIAM FOODS
12632,Marumiya
18950,AKISHIMA
21388,Vegan
6137,Urashima
5507,Sau Tao
6989,Unif
29051,Li Zi Qi
38490,HGC
5386,Baba'S
7665,Taho
50104,Ayubeauty
15548,M&G
9588,Bigen
8605,Cielo
9875,Quicktouch
9067,Frutee
9952,Yi Shi Yuan
68565,Earth's Creations
27380,NONIO
16411,Kikusui
20358,Momokawa
19825,Okunomatsu
48113,Gonzalez Byass
40841,Locations
5271,Wong Coco
17830,Hebeloft
18935,VIT'S
25126,WhatIF Foods
11597,Red Chef
33844,Sapporo Ichiban
17782,MTRADE
12085,Staedtler
5322,Triko
9571,Jelly Joy
9485,Wakasho
9650,Sheng Hsiang Jen
9660,Certainty
39204,CHARMZONE
23713,SENSI
24704,Tubigrip
19840,Zuiyo
14802,Handpicked
33709,Chateau Beychevelle
40634,Veramonte
19843,Kanjuku
5676,International Roast
6393,Vagisil
23109,OPTIFAST
9814,Vesta
56230,Ustel
5320,Sagiko
43936,Cozzo
18938,SUNKO
10199,Jello
57970,SUN SU
36765,Marlbolu
22989,Yame
9995,Dragon Brand
66920,CALLALY
8152,Revlon
9634,Salon D/P
7739,Dariya
12666,Just For Men
50678,DR.SCHOLL
44983,Blistocare
46490,Dr.Scholl's
16193,Skater
19842,Hakodate
19737,Amanoto
9686,Capparoma
7942,Orihiro
18947,DELWIN
5336,Tarami
48042,Han Shuo
9048,Bull Dog
7865,Ob
32345,Magic Life
16606,Rael
9109,Dilmah
27120,VITAPLUS
17831,Toast Box
28103,Abena
33697,Lille
44508,CLARICLEAR
21679,Opto Pharm
17204,Raintree
38768,Air Queen
12986,Kiki
5496,Chwee Song
18936,ZOW ZOW
11832,Acecook
30301,Henco
5326,Ace
51944,Tirami
40781,Jello Boom
7836,Thailand
19483,NESCAFE Dolce Gusto
9253,Uncle Saba'S
5999,Danisa
9098,Herbal Ess
6919,Megrhythm
48398,Dr. Elizabeths
16366,Brice
20510,GOOD LIFE FINUTE
10091,Thins
5524,Wai Wai
72566,SOUPERTANG
42150,MyKuali
27314,Eco Time
9123,Dahlia
9258,Oh So Healthy
24092,Miaow Miaow
23098,Zen Zen
9636,Crusty'S
36243,EasyMax
21075,Totobobo
9718,Men'S Bigen
21024,L.B Maple Treat
29279,Baagus
8782,Shape Tea
17227,Mamami Shoppe
7822,Ebolin
73878,Soothing
13892,Pureen
61174,Joielle
20589,MISE EN SCENE
9706,Hoyu
8356,Sunplay
10950,Anessa
5276,Henaff
67323,Cozy Nest
70123,WEI QUAN XIANG
15581,Ve Wong
6001,Ken Ken
46832,Shinhua
9152,Emmi
27804,BreatheHealthy
8189,Unity
21064,Medic Drugstore
19581,PHARMELITE
21056,Hi-Dcal
45031,Isntree
10993,Aohata
47084,JENNY HOUSE
35651,Herbatint
27427,Dermomed
45517,Calmfident
7856,Wel.B
17724,MASTO
21600,DQ
24093,Happy Health
11718,Essentiale
8226,Naturale
52923,TOCOVID
10826,Rohto
21221,Earth Mama
68770,Cabeau
8483,Eureka
6980,Bento
6938,Orville
28964,Farm Stay
22999,Kokona
59239,Potpourri
9866,M&M'S
67206,BRILLARE
8808,Lynk
66712,Energea
25154,PREP H
18526,Mama Sita's
35815,Yen Viet
21274,Table Land
9363,Vapex
8271,Ebene
51549,Pristine Aroma
20280,CHOSCH
19011,DECADRY
6578,Maped
8230,Fix & Fogg
68487,KRIP KRIP
10125,Natural Park
67204,Makhana wala
37046,Glyprin
32942,Centa Enema
15376,Soosul
20312,Jarmay Essentials
44503,Pocket
46030,Suntory Haku
9124,Mh Health
12572,Oyatsu
21034,The Kettle Gourmet
12622,Obimin
6870,H-Two-O
10750,If Local Sensation
5765,Red Bull
7733,Voltaren
5085,No Brand
12750,Pokemon
25547,Imoto
36757,Hung Yi
70146,Flakzy
24692,Tohato - Caramel Corn Bitter
21754,KRACKER KING
58288,KING KONG
8635,Ezy Dose
45846,Ube
26111,SOU
11669,Baba
6508,Steve & Leif
6539,Horti
6825,Eveready
5410,Maikom
8586,Canesten
13424,Lucas
9848,Fitchecks
55328,AMEFA
46772,Hersheys
6501,Gp
39172,PKCELL
12885,Mitsubishi
6813,Duracell
14038,Maxell
7824,Bengay
7609,V-Soy
6369,Bifesta
7697,Leed
39770,POPO
45904,DuoMed
9223,Roca
16565,Koppers
16476,Hialid
12507,Zarin
5079,Santa
10565,Cobs
70813,TAMARIND HOUSE
8995,Cookie Pop
5944,Brown & Haley
50102,Shu Uemura
12933,Kodak
65336,Eazea
50700,Qingchunhuayun
15594,Slym
6428,Method
30367,GNCE
49729,Jh
18963,OZ HEALTH
9868,Ganryojun
10773,Lumecare
44502,Sun Note
6618,Artline
8070,Tipco
24503,Veget
26625,Tajmahal
19491,D.LAB MANUFACTURING
12441,Igloo
27796,Olive Manon
27502,Arix
21046,BAUSCH & LOMB
22238,Herpatch
22291,CANDAZOLE
39724,On Line
17274,Only Good
28093,IRIS Healthcare
6479,Paw Patrol
6252,Fassler
9133,Fry Top
6602,Toshiba
27461,MillionParcel
56494,Sublue
49965,Solstar
8499,Greenmagma
9707,Gingen
10358,Abbott Glucerna
9580,Suzuki
8838,Vita Green
28235,KuoHealth
63929,KREENUTS
7717,Eagle
16385,Xepa Soul
17126,Vidisic
17150,Blephagel
21076,Tropex
31634,CLARICARE
9297,Daktarin
43982,Fastum
21073,SMITH & NEPHEW
45584,Pocket Aid
60931,Medomics
18298,Vegman Snacks
41494,Green Cross
9224,Coffeetree
59998,Recogen
6811,Funa
22226,Oral-B
6840,Maindesire
18999,GARDENA
9922,Amark
15252,Epoca Gardening
12614,Egoderm
15237,Cerumol
7923,Taisho
31737,BodiHeat
31402,Pagodas
35094,CANESPRO
52614,EVOLVE
24433,Kplass
9166,Mul Bianco
9164,Iwamoto
10865,Ecos
27424,Naturaphy
46762,Yuyumi
52162,Noorani
16455,Shama
21351,Chheda's
61679,Kitchen Essentials
10785,Grace
26523,Partyforte
65109,Yellow River
15251,Fun Express
9870,Soup Restaurant
6821,Bostik
16561,Uhu
7297,137 Degree
8494,Lao-Shan
73879,Markrin
8513,Theratears
38515,Life Roots
63553,BAKEHOUSE
42170,eco u
48242,Dodomu
49734,Simplehuman
8982,National
15233,Moov
8515,Opti-Free
5269,Royal
9651,Vico
16378,Prosperplast Gardening
8479,Accu Chek
38126,Hammer
12282,Gorilla
21077,Viartril-S
49732,Corkcicle
10044,Freestyle
11091,Premier
8291,Futuro
8400,Terumo
5417,Leggo'S
26950,Sinsia
19296,WHALESUN
20271,Serious Food Company
49531,Two Steps Cleaning
47145,SOLE RELAX
53652,Dr. Scholl's
28470,Waterclean
50650,Bluma Italy
6954,St Ives
15922,Sanz
17154,Lamisil
18101,Xlear
7995,Dragon
22230,Xepa
32947,Siang
9869,Bausch + Lomb
19585,VOLTEX
5168,Gold Medal
44438,HONEY B
7098,You-C1000
5247,Kari Home
9719,Beautylabo
18368,Mcvities
15264,Chunbe
20546,Velcro
34934,Organika
8802,Neat Feat
20745,Nature Love Mere
18338,Shiseido
14225,Purell
6530,Loreal He
6915,Oyu
21421,Hey! Chips
12800,Bee Bee
24549,All Like
33319,Partyforte CNY
46255,Npk
27687,Reer
38766,Medel
17320,Jumper
17017,Contour
21265,Foot Petals
7690,Beaua
30454,KHO
27623,Lauren
15250,Creative Converting
16718,Audisol
23128,Counterpain
21065,Medi-Gel
8673,Little Bee
18940,SANHEE
10186,Egmont
18334,NUT BROTHERS
9700,Mountain Dew
51884,MOVE FREE
15546,Kidario
27062,REIDS BAKERY
16885,Cookietime
6014,St Michel Madeleines
64188,Cocoa Melts
32591,Chop Song Seng
25024,FLYING DEER
6794,Fairprice Gold
18414,Kinomegumi
10765,Green Kulture
56500,Audio-Technica
9103,Fernleaf
32241,Freshcare
8493,Flexiseq
18716,MH Food
18682,Mrs Bridges
9739,Fewster'S Farm
25268,Krafter
8839,Ammeda
68788,RingConn
11863,Horse
67487,IINE
12848,Topps
67488,8Bitdo
68755,Pressman
13442,Mtrade Novelty Store
66121,Bielenda
18124,SWAD
26357,Chocodate
12506,Opto-Pharm
21066,Menarini
30310,Partyforte Halloween
31039,Partyforte Halloween Costume
40657,YOU CHENG
38319,Taylor Pass
18804,WESTERMANIA
19959,Valley Fields
10184,Langnese
8129,Paperone
6895,Lucky Lime
19740,PETAL FRESH
26524,Procos
17345,Bel
65281,Steam
67446,Playseat
14005,Microsoft
21055,Ginkosen
21093,fix-o-moll
39570,BLS
30095,UNDERCOVER
17302,Iberet
20616,HONEYBEE
10735,Bibik'S Choice
5358,Tabasco
27365,Pinkk
5153,Naturpatch
6356,Biocair
25687,Nanoclo2
58823,FAMILLE MICHAUD
5432,Thai Richy
44537,[Killiney x Hegg]
42153,Munchy
7503,Double A
7950,Max
8729,Esemtan
67661,Mionix
67666,Meta
53610,LOGITECH G
9863,Allergan
8780,Hoe Hin
39170,Ling Nam
17031,Hubdic
28486,NISSEI
7427,Sing Natur
56261,OATBEDIENT
33958,Foxs
10324,Armor All
6420,Dr Beckman
24647,Wildcape
14006,Blue Hills
8302,Ascensia
15874,Targus
6664,Sandisk
33799,COCO PLUS
25169,ALPRO
68966,HeeDong
16975,Flexi  
5772,Ligo
17850,ARTEX
67322,Phoenix
21062,Madaus
22987,Zheng Gu Shui
6467,La Gourmet
8776,Surbex
18000,VIRES
17664,Sodasan
11363,Fp Finest
18294,K Harrodson
27043,SNAPSNAP
18121,Tai Chung Bakery
44018,T.K Food
8375,Neutra
8592,Black Gold
25869,Organicer
12347,Logitech
20617,KAMPONG LIFE
17828,Field Day
21148,DUERR'S
5793,Jia Jia
40960,VIDA
55244,LIHO TEA
9327,Kustie
12974,Velvy
25932,St. Ives
26522,Disney Procos
43797,DAIRYLEA
6806,Farm Fresh
6738,As-Sufi
8581,Genki
16490,Franch Oil
22986,Wang Ying Kao
33322,XiTu
45033,Panoxyl
7376,Plus
12519,Crayola
8996,Tk Food
18639,Marques De Valdueza
20472,Feliz
21088,Green House
12657,Kuki
14581,Golden Bee
18520,Al Shifa
45506,Vito+
54538,GoodBASE
26166,Mr Makhana
62680,Roroll
20216,Crown Brand
13430,Flying Wheel
16376,Pokon Gardening
46884,TSAIO
49989,OMADA
5225,Daribell
11825,Omega
31375,FRENCHE
18775,Kaimai Gold
8823,Calpis
8775,Root King
16623,Estalife
17477,Forehealth
12278,Korjo
38539,ALLTEST
41617,Duramax
41618,Cosmoplast
48404,Allibert
70498,Nutri V
15533,Gustazo
6642,Kdk
10107,Garnier Men
38059,Viida
41335,Baby Shark
29402,K. Rogers
16006,Mistral
25999,TRUSENS
5195,Songshan
72770,Funism
21753,ZOJIRUSHI
16008,Mayer
17193,Hygienix
8547,Mr Bel
54667,ARCOS
8184,Pure Origins
61473,CeresOrganics
8859,Ogx
29465,Lijiat
25469,Senof
54220,Butterkist
64334,HAILSTORM
5268,Skylight
7392,Trentios
13722,Kadeka
16332,On The Body
19452,Niso
12625,Ez
24247,My Way
67717,MANUKA SOUTH
45843,Narichikaya
64285,Antslayer
6714,Bawang
6637,Daiyo
60350,Highland  Speciality
56224,Yomee
13713,Enercal
8688,Dragoncoin
27766,TWIN ANGEL
17851,AXCO
14286,Uni
23800,Makhana Wala's
22685,Cedmex
26723,Wang Kingdom
9081,Blink
28100,Eheart
6462,Imported
72089,BESTLIFE
66983,Hey Big
40316,Reisenthel
10326,Tivoli
25562,Seiwapro Japan
31315,Manuka Hunters
49664,Jheng Chu
16736,Les Comtes
7830,Royal Select
57991,VITAMI
9648,Chococino
26525,Anagram
16515,Char-Broil Bbq
21173,Char-Broil
48035,Fuego & Sabor
45848,TSS
16493,Manimark
18981,ZENKO Superfoods
6048,Crown
44381,Hapila
11593,Healtheries
22268,NONABELL
16009,Honeywell
7393,Acer
67203,Ultrahuman
66982,Samsonite Red
27532,BlueHills
21067,NZ Health Naturally
8283,Vinamit
41469,HEJIAWANG
49825,Meiji Pharmaceutical
12546,LeapFrog
7935,Zact
8105,Naturesaid
20070,TECNO
10219,Asia Farm
43260,JOIEFULL
65525,TOMTOC
18929,Melodi
30004,Zhan Kang
8940,Absolute Organic
18192,Maison Gourmet
39408,Planet Organic
8491,Lrp
8600,Vichy
6218,Emborg
28814,Against 24
19012,ELCO
19013,ENLIVO
32145,Nyko
33362,LITTLE BLOSSOM
5249,Gerber
47172,RAJA TARIK
18166,Nextrade
6604,Sona
52613,AUDIPLUGS
12291,Oem
20376,SHIELD
49837,FlipBelt
6849,Na
14178,T3
27422,Moisture E
5382,Tong Foong
8217,Swissoats
60264,Tenshou
34159,ROYAL BLUEBERRIES
18578,Pokon
12981,Cafetto
14670,Delonghi
28641,TEXAS INSTRUMENTS
5282,California Mexico
9011,Supergrade Brand
35131,Partyforte Hari Raya
14204,Think Fun
27617,BARISTO
17289,Balducci
27421,Le Belle
6667,Kenwood
7397,Asd
6005,Meridien
8668,Komadori
5250,Bellamy'S
9026,Hp
28924,LEITZ
18092,Mix Brand
15804,Booney
11427,Waitemata
27781,Redken
12629,Ma Cherie
44377,AVAVA
28751,Seachem
24429,Purigo
9878,Robert Timms
10987,Segafredo
19594,Maruha Nichiro
8378,Iwatani
65437,Decakila
67667,Paladone
10665,Mahsuri
11806,Takuma
15019,Giotto
14117,Espp
71213,NNIO
8787,Pregaine
40612,DAJANA
5443,Pic'S
8994,Cisco
18898,Alfresh
7775,Nutren
10133,Nature One Dairy
10830,Good Morning Cereals
11647,Savic
29502,Bioline
61205,Petgugu
39145,Stefanplast
46395,Smartykat
11601,Aristopet
13017,Ferrari
18234,House Brand
19523,Childs Farm
31047,Desyham
26438,Mattel Games
17042,Hospigel
47506,Pet Rebellion
11599,Rogz
46851,Rufus & Coco
47524,Mps Italian Pet
46378,Amy N Carol
10953,Trustie
7453,Applem
5251,Hipp
8450,Eb
27318,Morya
19032,KEJEA
27621,Imiin
8889,Electrolux
5259,Tropicana
6803,Little Freddie
6804,Duwon
7072,Chef
5177,Holland
9536,Hokto
7117,Simply Finest
67994,Daimeixin
67995,Nine Seven Seven
6958,365
6630,Cesar
5130,Nature'S Gift
6389,Pedigree
33985,bosch Dog Food
6395,Jf Yuan
28515,Vegman
37053,TownBus
15545,Town Bus
28635,GRB
7819,Woodward'S
34334,Little One
16457,Meera
12526,Shuter
15502,Shears
22829,LOVERS HOKKAIDO
24537,Hokka
72516,KHYLICIOUS
22679,Only Organic
5254,Holle
33913,American Pet
40596,Jonsanty
41658,PETS DREAM
36734,CHIPSI
11594,Burp
41499,ACE PET
29460,Oxbow (Enriched Life)
21178,CUNIPIC
6839,Us
6291,Gold
49838,Elago
7534,Smartheart
9496,Coco
52264,PURINA SUPERCOAT
31122,Mighty Pets
41579,Dorrikey
19067,Absolute Holistic
10843,Dentalife
26023,CATS BEST
9191,Maruesu
65335,L'Oreal Serie Expert
27801,Bioken
27792,Nioxin
29196,EZN
17469,Fellow
6298,Go Fresh
6283,Usa
5774,Premium
72068,Nitecore
61518,Bezier Games
67489,Gulikit
8323,Olivia
10810,Ferplast
38493,Nature's Eco
48044,Flexi
9329,Crunchy F
7844,Nature'S Best
5822,Kf
7411,Yili Farm
28733,HOS
9638,Catsan
9639,Angel
33888,Noba
53457,PETPAL
29256,Aatas cat
50630,Nikoro
21161,ODOURLOCK
29208,Nurture Pro
16162,Zodiac
41780,LOVENCARE
34819,BEST FRIENDS
17310,Naturlife
29232,Jerhigh
19613,Petfinest
27394,Hygeia Pets
65184,Mom-Ae-Sok
27219,Jonp
16527,Youguth
25937,Vegeponics
41655,SUNSEED
27223,PetAg
28834,BEEZTEES
6641,Sharp
27106,SINAR
36247,Platinum Choice
29386,Kit Cat
29388,Altimate Pet
27221,Americalitter
33027,Shareat
6120,Diamond Brand
7811,Turkey
7332,Vietnam
8462,Tw/Kor
5814,Japan
64477,360
22961,Hi-Tar
17029,Gracious Goodness
29255,Bronco
49854,Dentalight
11595,Black Hawk
42954,FISH 4 DOGS
38487,Diamond Naturals
37040,BELLY UP
7138,Petit Swt
29738,Smart Knife
24995,GROZER
8292,Blush
7145,Malaysia
6982,Good Nature
40317,Happy Fruits
5997,Rylbritish
7701,Dial
7086,Dasoon
36735,CAREFRESH
45970,BIOGANCE
47097,Petlinks System
46138,Harringtons
11641,Menforsan
13178,Wacaco
46853,Trouble & Trix
27224,Petmate
7929,Indo
21032,CORINDI
7232,Watties
5334,Taiwan
60836,LAVA ECO
7101,Thygrace
38650,MMMM!
25098,DV Bioherbs
27188,DUERR
8212,Glucoscare
13307,N&N
15895,Lala
29455,Happi Hamster
68787,CMF by Nothing
28154,Phillips
56540,Audio Pro
73688,Dobe
67665,Akitomo
51449,Dicky Bill
53695,ELOASIS
9664,T.Valley
7022,Chobani
17423,Brownes
8954,Everbest
9301,Lion Dance
15933,Peewee
33808,Cateco
6903,Modern Mum
6212,President
32265,MYFIRST
11590,Rene Furterer
29200,Happi Doggy
12065,Luv Care
39287,Partyforte Mid Autumn
9930,Yotsuba
7060,Gana
9117,Double Joy
7074,Kang Kang
8448,Lim Kee
7043,Eb Food
7002,Golden Churn
29711,Naturli
16969,Delamere Dairy
18527,Lescure
17678,Sunnyfarm
26039,MMMM
17729,BERRYFIELD
7191,Pink Lady
65333,3 COLOR
7256,Indonesia
46029,Synapse
6519,Lemon
16873,Playnation
16713,Gamewright
33807,Canada Litter
36712,Camime
56547,Kuvings
65524,CozyNest
11295,Fage
17894,Rachel's Organic
36248,Emily Pets
50555,Absorb Plus
12087,Nikki
7039,Yoplait
16517,Greenspade
26686,Farmy Farmy
10619,Syed
8862,K/Licious
16643,Imaxalarm
56536,Thrustmaster
29257,Taste of the wild
60033,Boneve
46473,Yours Droolly
45521,Isle Of Dogs
27218,Virbac
10814,M&C
27862,GadgetMix
16946,Nush Foods
10600,Johnsonville
6196,Golden Dragon
27860,DELICATO
6156,Gourmet
19033,MULTIFORM
7019,Bega
45844,Cecilene
8853,Quan Wei
48676,Cooing
67663,Mont Marte
49865,High Road
36736,VETIQ
56524,Kobo
70722,WLMouse
59235,AROI COCO
10933,Ambposial
18934,OSK
22744,Ee Hui
21713,Bee Sim
19348,SEABOSS
11583,Dolphin Collection
27222,Petkin
29376,Absolute Bites
27225,Nylabone
29456,Loveabowl
67662,Snakebyte
67447,Project Design
53654,ULTIMATE EARS
11748,Clemengold
7159,Korea
48930,Sunnyfarms
37304,Punched Foods
36138,JoyPet
7030,Arla
6012,Kraft
39778,Jill's Sausages
25713,Wicks Manor
19014,NOVUS
19125,Cuckoo
22770,Li Chuan
19722,Yorokobi
10007,Dairy Farmers
6256,Bulla
29501,Wanpy
57458,Care For The Good
43506,CANINE CAVIAR
16770,Pronature
10782,1st Choice
18628,CB
24420,Gelcampo
9114,M.Babybel
8981,Castello
59178,IDAHO
20732,Willms
20730,Kizmiq
63510,Rudi's Fine Food Pte Ltd
32498,Master Grocer
9534,Miyatake
60367,Jin Duo Le
46658,Pet Supplies
34560,Yeowww!
7728,Parodontax
8619,Sofresh
18378,Pepsodent
51374,eSun
18424,Rosette
17110,The King'S Dairy
31997,FirstMate
55693,Enervets
33895,Lila Loves It
43935,Dogsee
6807,Oob
31074,Elmlea
6409,Joy
62227,SHUO XU
65115,Sudio
8617,Eludril
56518,XGIMI
18692,Tian Ran
18857,Prestigio Delights
26580,ZAC BUTCHERY
10611,Waharvest
38774,Bute Island
19747,Kapiti
20594,Mikymist
47001,Super Belgian
47059,Kudi Pet
26619,NOEL
11210,Trutaste
46656,United Pets
30529,Yu
47639,Pawz
43505,LITTLE BIG PAW
11642,Proteger
26624,Makhanawalas
16678,Movietime
67402,Mazer
30112,Everwhip
8500,Ryan'S
22733,SUSTENIR
18178,Miyakoichi
6225,Danone
46257,AB
57429,SWEET CHAOS
20333,Afreschi
41679,OPEN FARM
7402,Chef'S Pork
53293,JIN JI LI
56543,Linksys
56539,Suunto
17130,Biocalth
12980,Cafec
26931,MorningKiss
56541,iWALK
60366,CAT FOREST
31118,AFP
14198,Sunnex
56630,Asparagus
37292,Miyakochi
12698,Higashimaru
46349,Hong Brand
7910,Tablelands
70885,Cut Butchery
7128,Msia
12281,Autoglym
46472,Tibetan Dog Chew
46899,Plouf
41666,PETOSAN
38485,Blue Clean Super Dry
46397,Kiwi Kitchens
45523,Lily S Kitchen
7446,Vitakraft
41656,TOMMY&COCO
44295,Vacmaster
5291,Dodo
16700,U Farm
57114,HOME FLAVOURS
60368,Famipet
46469,Feline Clean
49019,Bam
51570,Eater's Market
19478,Ngoc Lien
9569,Natural Fresh
25996,CHOMPER
30190,Yi Pin
7064,Porkee
19720,Superpork
67718,PAIR ACNE
8206,Dentalpro
42159,FAFC
23053,Al-Lazat
26994,Tasty Food Affair
16238,Hego
10189,Con/Sseurs
57761,GIOMIE
13370,Morishita Jintan
17727,TIAN TIAN MIAN DIAN
6264,Ocean Fresh Delite
46471,Canine Clean
25997,CHOGONG
38823,DOG FEST
46854,Speelgoed
21068,Oral7
7691,Aiken
70176,FUNGO ORGANIC
66110,Amazon
56502,Bose
21060,Lactus Pro
72552,IBEROBIOTICS
19547,Nordics
6740,Armiya
9671,Fair Isle
29207,Dono
29462,Top Ration
26809,Pietro
65280,Barista Hustle
47700,Kylie S
56685,ZHI ZHONG HE
11791,Zeagold
6746,Daisy
23117,HONG YUAN
57324,The Way
49014,Ya Bao
72090,HOVERAir
24967,Zenyum
49533,Median
12763,Panini
13338,Kit
27265,MDM LING
15246,Nan Xiang
15632,Oriental Delight
18398,SUNNYQUEEN
26824,IKA
28604,Kojima
49716,St.Ives
29538,Simply Meat
6628,Sheba
9631,Temptations
6398,Fancy Feast
6397,Friskies
72551,LACTOCRAN
23151,PRETORIUS
56522,OPPO
7348,Tatsumoto
7099,Buitoni
25975,Reach
6363,Propolinse
16954,Jewel Coffee
12951,Longline Fisher
8162,Hai Sia
20388,Twinfish
11798,Ehf
6261,Emerald
10167,Fukuyama
5270,Pan Royal
18408,Lululun
19719,Sunnydale
20222,Ecofrost
30503,Ibiyaya
20338,Kala Health
10111,Nz Natural
6123,Izumiya
5867,Kinjo
16596,The Gourmet'S Pack
38010,The Silly Greens
26645,Netafarm
10648,Figo
9079,I'M Mandoo
24052,Dumplings Zhang
19853,Crystal Jade
7941,Purina
70473,Verfons
18421,Okuchi
16955,Chemex
56517,Zikko
24914,CCM
7265,Bv
16702,Tobikoya
18810,JI GONG
46856,Dogness
64385,Pon Pon
7134,Givvo
40269,Urban Fresh
57326,Sunny Farm
7834,Fish Bay
29461,Professional Pet Products
48393,Organissime
31527,Fusipim
27015,Tunglok
27500,KiomKee
68791,usmile
51879,THE NUTGRAF
69306,FOCUS PUB
57302,Serve by Hai Sia
8427,Sanford
54669,Brasmar
57328,FOO YUAN
57321,Sutong
30189,Ci Hang
33728,Gim's Heritage
29710,Muller
17942,NOAH'S
5117,Woodland
19751,The Cellar Door
33292,KSP FOOD
24419,Agroaguiar
59496,HTJ
71234,SoulMate
32202,Nutripe
9932,Fish & Co
15231,Claber
46256,Green Ornament
41636,Snow Treasures
21054,FITTYDENT
22241,Interdental
23719,CHANDAN
51791,IDAHO
48038,Mae Jin
17944,WX
55692,Grin
22244,Piksters
26989,Canosa
26605,Fresh Island
13034,I'M Bulgogi
34279,CAT WATER
20185,KJB
54671,Inochi
27234,Fassler Gourmet
25712,Sasha's Fine Foods
22836,YONG ZHENG
26107,Springdale Cottage
18073,Ms Plum
16951,Coyo
54730,Partyforte Christmas
51373,Ziwi Peak
11639,Byopet
33266,Primal
23724,Uncle Lim's Choice
19664,Royal Delights
22261,The Fish Farmer
30107,Coelho Dias
70869,Gyoren
26606,Westhaven
17036,Waterpik
12051,Tatay
29666,Joseph Joseph
64218,Cita Rasa HLH
61204,Mixsoon
41500,ITI
38486,Diamond Care
70124,Instant Pot
18551,Prosperplast
18385,Super Mild
14594,Rejoice
13606,Clairol
21699,Danny's Choice
5275,Seawaves
46041,Porkolicious
46475,Nn
20192,FRY'S
65286,SWEET
23054,Fisher's Catch
43548,AORAKI
63616,ST JAMES
25711,Chalk Stream
19746,Brodr. Remo
71129,FarmFresh
10819,Iams
48399,Sunlife
50270,Pacific Rose
29452,Ciao
22604,Oral Botanica
57895,Puten
37567,Dr.Bei
35471,Black Forest Smile
61523,Heritage Harvest
16281,Curver
46763,Lintbells
6069,Oto
8642,Pmk
9568,Rich Seas
10845,Subi
49799,CP SELECT
9509,Klorane
29453,Daily Delight
69399,Joseph Joseph
20223,Eastern Harbour
41502,CAT FEST
72518,BlueAnt
46834,Vigor & Sage
21186,CANAGAN
46883,Sunday Pets
46655,Grandma Maes
27655,SKII
27583,Instinct
5587,Saito
13209,Ichikami
22963,Inecto
49083,RED SEA
27787,Mr White
9259,Nichigo
7524,Oust
30368,DUER
8731,Weiman
8637,Knaus
46492,Kiyo
36604,SnackTime
35580,Toro Plus
35579,Toro
46852,Natures Hug
46898,Tickless
48401,Vetnex
13454,Barking Heads
10804,Purebites
19328,BAIGUO
11777,Canterbury
7523,Sofix
6423,Kleen-Up
6407,Mr Muscle
18495,The Konjac Sponge Co
22653,Maruki
56542,j5create
73725,TORRAS
19300,Teoh Kim Chye
11770,Rok
11195,Aoren
47961,Pet Corrector
45286,Almo Nature
6232,Birds Eye
7909,Pacific West
8413,Kibun
60635,DING
10783,Applaws
6788,Scotch
8732,Mop & Shine
22264,Hen Tick
56773,Viya Crab
54670,Amarras
20337,Animedx
8073,Live Well
33983,Sanabelle
27425,Cherie
6897,Selleys
16084,Dream
8324,16 Brand
72067,Therabody
5145,Command
20462,Nadir
49979,DOUBLE LOCK
12072,Lustroware
62056,RURUI
67289,BioPak
9921,555
20463,Ciya
24480,Wilmax England
29713,Caterina
8424,Hario
15399,Hunter
46468,Boo Boo S Best
25698,Yuri Aganol
18827,Rejuvenate
35203,Ecostar
6549,Thg
40408,Haoshun
18427,My Beauty Diary
18273,Borrowdale
20267,Cleanwrap
24544,Megga
12149,Libbey
30314,City Satay
53539,LEE WEE
9662,Betagro
21099,LoveSprings
21164,BAZA
20191,BABA RECIPES
18413,Quality 1st
45901,Yogee
6909,Marusan
68752,Sum of Blanc
12123,Nakaya
12071,Inomata
47078,O'fine
24548,Cheng's
11592,Fishop
31909,S PURE
6474,Bio Green
6470,Alsan
30277,Garbage Bag
14474,Q-Ban
8921,Forever
31045,Natural Kitty
16286,Felli
21664,Cool Handy
57811,Asobu
54510,PUJADAS
6471,Glad
12628,Falcon
41538,Gyrfalcon
25476,Arista
5365,Kagome
50155,SunEco
71743,Lexon
21663,Color Cruise
8760,Leifheit
31990,Mop & Glo
45522,John S Farms
13020,Zwilling
13915,Duralex
31629,Uzspace
5317,Ina
9320,House
21037,Nature Clean
34867,Dream Kids
21209,Organic New Lifestyle
6432,Thirsty Hippo
6433,Ambi Pur
30545,Shozu
7578,Ee Li
50369,Maya & Friends
15026,Takeya
42144,Wash Wild
6457,3m Scotch
58596,Joybos
55858,MyEcoBag
7685,Vanish
6404,Downy
56495,Backbone
33253,TAY
41527,FIESTA
61387,Li Chuan Chikuwa
7026,G/Rooster
14944,Renga
20614,Double Bear
33699,Ramos
56239,FARMVALE
6419,Cif
25470,Tay
19662,Royal Delight
18911,Yi Dah Xing
61749,KenKen
27965,Tegel
26791,YayaPapaya Dole
28578,Codos
46657,Suchgood
45585,Ima
9150,Spinmatic
9539,Uic B/Vale
6799,Fab
16693,Fairever
68790,FISHY KING
13045,Haguruma
10164,Aristo-Cats
9112,Andersen'S
8370,Hakugen
10108,Renuzit
25094,Al Barakah
57325,Willing
18354,Whole Perfect
19723,Nordic Stream
8535,Homeware
48243,Colibri
11500,Zippo
8594,Luminarc
8068,Look
26151,TIAN TIAN XI PIN
28617,FAM GUARD
21730,MediCan
9148,Sofsil
40890,Nature's Protection
14883,Hailo
55859,MyEcoPet
50105,Labelle
10113,Scent
46387,NISEKO
21107,WD40
9601,Tyson
29884,GERMISEP
8640,Bin Buddy
48034,Petiful
8695,Mrs Lloyd
49418,Ecuado
7552,V-Care
28821,SUPAMOP
29041,Suhana
24264,FISHFARMER
24533,Coelho & Dias
29233,DEHUB
26642,Domestos
19021,Farox
26049,Yuri-sol
35685,GK-Germkiller
23099,Against24
38767,Spick
35280,EFIL
19848,ALKIMI
57323,TKC
49385,The Elder Club
57748,Kanki
10031,Tasty
7441,Wiltshire
9821,The Ice Cream & Cookie
38494,Oriental Delights
29274,Suvai
7882,Bounce
8735,Bluekey
27758,Cubble
20067,GIMI
29212,YUMMY FRESH
12098,Rene
7509,Flexus
41574,THE BETTER FISH
7432,Kitchenjoy
18571,AR FUM
7352,Lucky Baby
17874,ToddlerFinest
20612,Credo
55329,Patisse
20613,Geor
24546,Scheid Becker
7759,Blex
26109,Siafa
19299,Mr Vege
33820,SNUGGLE
31663,Bayfresh
28067,Shiora
9100,Arm & Hammer
9714,Jif
13492,Duck
6789,Lingham'S
35754,Yuei
25959,Omylight
37074,Vohaochoi
57746,Marna
34477,SUPAMOP 
27136,BRAUSE
29144,OXICLEAN
10682,Laundrin
10772,Flair
39861,Daia
29261,Makko
7955,Ecover
31902,Airwick
30669,Yankee Candle
9178,Yuri Matic
6570,Essence
40746,Yolofoods
21808,VWF
22966,Hanguk Kitchen
48674,Eyenimal
7936,Ecobrown's
10640,Mak Nyonya
5394,Seah'S
5399,Housebrand
11567,Golden Elephant
62679,WLWE
7851,Seventh G
26158,YISUJIE
44524,Blue Wonder
58109,CILLIT BANG
21724,Aquatabs
19157,Goo Gone
16956,Notneutral
40368,SIGG
16788,Top Nanox
71742,Direct to Masses
30560,YOLOFoods.
6554,Poo Lee
13306,Stanley
8335,Yale
31361,FLASHCOLOR
8248,Amstar
6417,Harpic
25429,BOROSIL
72031,JIN
19301,Dao Yuan
18517,BLEACH
5368,Nando'S
5411,Chng Kee'S
5359,Pearl River Bridge
15583,E-Cloth
12068,Kdc
21675,Ribbon House
40488,Selva
30582,COLRON
10649,Perwoll
73724,Rivers
13177,Sol Cups
20775,D.LAB 
65871,Tile
28809,Dr Greenthumbs
23015,OWEN BABY
20335,Singapaw
29057,DampRid
8930,K-Art
19069,Sarangani Bay
8615,Qf
38773,SYH Joss Paper
18011,Cookie4Milk
65428,THE STRAITS FISH
48622,Saudi Choice
28765,Nobrand
18542,P&G
29278,Huggalugs
22607,Lansinoh
29430,Hohem
27478,Trunki
20590,Skip hop
45582,Silverdale
25944,La Tua
32262,Ceetoon
45470,S.T
68707,Happyroom
12168,Allgo
67716,ABYSTYLE
41671,TRIPLE PET
19492,EASYSMX
49698,Stone Care International
6425,Beautex
8544,Ajax Fabuloso
9054,Tp 706
18370,C-fresh
26047,Yuri-matic
27969,Perfume Pod
8986,Paseo
26627,Bugaboo
55232,Hamilton
29740,Tactix
18363,Alagappa's
28753,Mumianhua
46866,Citrus
26611,Sujon
26646,Taurus
8681,Bref Wc
26108,Date Crown
44382,ESTYA
7559,Lacy'S
67125,Heatit
38513,Unilove
57995,CHATERAISE
15401,Bref
45159,Retex
64335,Aroma Matters
25456,Gonzo Natural Magic
45623,Gonzo
16105,Hella
16516,Bikehand Accessories
44578,smarTrike
11779,Capella
15215,Vinda
8139,Tean'S Gourmet
7253,Qbb
5354,Sunlight
24545,Kurono
7529,Nuk
28217,Jaco Perfection
15170,Tiny Bites
24506,ShunTa
61501,Kinderkraft
6426,Liquid Plumr
7605,Pledge
6585,Wd-40
6636,Meguiar'S
5210,Sotong
8932,My Noodle
42951,Dooky
17074,Cosco
19534,HEIAN SHINDO
6658,Bambusa
9819,Vtech
9687,Soyalite
6648,Rayen
8946,Mr Perfect
8639,Buster
21217,Baby Bjorn
41498,ALL BARKS
38822,PAKEWAY
24428,Tamizu
10227,Hai'S Brand
5182,Ping Pong
8045,Coco Rep
7905,Lady'S Choice
9901,Asian Home Gourmet
24585,CakeLand
16072,Stewart
19001,Ergobaby
28541,Boba
27907,Mery
28202,Manduca
6302,Silver Bird
9240,Maeploy
8464,Bird'S
7230,Nomu
49731,Zoku
34700,Grabease
10556,Nakajima
21673,PAL Collection
8638,Max Clean
17176,Bayte
17175,Artoys
9845,Abbott Similac
6916,Friso
7904,Anmum
6781,Enfamama
19298,Su Tung
46659,Tufflove
7925,Rose Brand
39860,Epoca
21224,Beaba
31949,SISNEXT
5408,Dancing Chef
61919,AIRVA
44869,Moritoku
29672,NARA
17568,Me-O
10426,Abbott Isomil
6950,Aptamil
5237,Wyeth S26
7052,Dumex
8066,Lactogrow
6737,Nona
41561,WOODWICK
6736,Rasaku
34886,Baby Joy
50154,Sunmum
20475,Kendamil
15186,Vim
33267,Kasiks
16075,Borgonovo
6964,3m Command
21804,Sincere
43984,Fish 4 Cats
15121,Herevin
63686,Careme Pastry
63689,Ivan's
10846,Moon Star
7628,Ilite
19785,Biokleen
17827,Bio-D
22338,FINDER
6739,Brahim'S
6780,Bamboe
10884,Royco
22311,FRANK’S
13800,Wyking
28677,Real Bubee
27803,Kidco
6087,Earthenpot
32405,Copper River Seafood
8114,Xiao Mei
26243,Deebees
6335,Huggies
20526,LA DIVA
10206,Indofood
71130,DE BUYER
32032,Happycall
33085,Zinsser
6337,Tollyjoy
29719,BeBespace
11857,Blue Oceans
22262,TOBA
21223,Maymom
50123,Let's Eat
18372,Morning Spring
26596,Bluapple
46391,Depex
26104,Ocean Fish
67127,Blue Ocean
8359,Thermos
7355,Sassy
24936,Mido
5243,Pediasure
25710,Mt. Cook
8374,Nootrees
40409,Vilosi
65870,William weir
60010,Worldlife
14674,Swensen'S
9324,Combat
68004,ENVE BABY
55327,Isa Uchi
9652,Tempo
34613,Therapy Clean
28576,LKB
30369,TURN RED
14855,Magic
6413,Glo
15590,Spectra
39201,Zazu
65869,Judi
26983,SENSLY
29074,Bebe Au Lait
25714,Toh Thye San
11725,Shan
10098,Healthyboy
7057,Orient
20604,Nihon Cutlery
28178,Chasseur
7442,Hsc
7661,San Benede
20231,MILTON
9859,Philips Avent
26555,Elmers
9972,Veflower
5077,Mogu Mogu
53328,LI ZHI JIAN
7541,Florida'S
28634,Imperfect Drinks
23062,BluCurrent
40718,B.Toys
58835,B. Toys
40719,Battat
28464,Hape
20029,OTIS
22250,Ezerra
21044,Azclear
49196,Yuki
7558,Gerolstein
12976,Dash Water
35600,Spindrift
59393,PAK MAN
17373,AFIAT
49384,Yowup
29013,LACTOSEAFOOD
70870,Mt Cook
53904,Growing Up Academy
44379,Pony
54720,Raw C
52697,Fairyport
11166,Just Picked Coco Water
56200,CocoCoast
20270,Drink Almighty
36843,Sips
54719,Folkington's
47071,HL1500 Series
9624,Cocoxim
7651,Cocoloco
8174,Grolsteinr
45782,HARMLESS HARVEST
7501,Aquafresh
18004,Comotomo
28066,Howard
10158,Metaltex
18410,Asty
9260,Desitin
10636,Gum
8353,Aveeno Baby
7903,Drapolene
21671,Nskays
7388,Le Parfait
18651,Coco Xim
8945,Mama Royal
7438,Catch-Em
5717,Ceres
5735,Bickford's
39886,MGMISO
14663,Firefly
10085,Realemon
55633,Mdm Wong
49192,Hi-C
54673,Sigolstory
54721,Aya
19257,Perrier Sparkling
49667,The Berry Company
21156,Doi Kham
47067,AD1300 series
5755,Polar
19856,Sitbo
9888,Samdasoo
5376,Vegetalk
6726,Malabar
38037,Are Water
16646,Voss
39010,The Nurturing Co.
20078,WAKEFIELD
7536,Uleg
7528,Congbanlv
46005,My Earthday
18364,Sri Sai's
14420,Montana
62390,Alcean
8963,Mood
38838,DeeBee's
5527,Abc
26258,ACE Fishmarket
26103,Solander
25561,Walther-Glas
33321,The Vedic Company
41613,Hoppi
23525,Play-Doh
64211,Mi Guang
15245,Pure Water
5758,Volvic
9876,Vittel
22812,DDODDOMAM
29063,Organix
65868,Willian weir
70166,MAISON PERRIER
60353,Summer
37030,Switzer
28925,YUANSHENG
57812,Berghoff
17739,APPLECRUMBY
40630,Botare
29389,Natural Organic
15689,Intex
5078,Glaceau
11494,Acqua Panna
20379,KUROMATSUNAI
21195,GOOD EARTH
8942,Nickelodeon
8962,Merries
6715,Pampers
9732,Kiwigarden
17226,Yit Foh Tenom
57457,Youmeca
49735,Smart Microfiber System
17913,Ildong
23615,Grinny
41454,Bebefood
17846,PUNTO ITALIA ESPRESSO
60737,Waise
37286,Onsensui99
72091,ZAGG
70274,UNIQ
70496,Skinarma
72859,Kuromatsunai Meisui
41726,Kim Guan Guan
41725,Kim's Duet
35181,Cafe Monza
52522,Giovannini
30024,X-Quality
29019,Goospery
66122,Aquacode
52524,Daroma
38939,Cafe Specialists
24595,Trung Nguyen
64223,Nescafe Classic
11105,Hookcoffee
67705,My Green Life
30349,Famowood
32688,Etude House
15275,Narasu'S
64222,Nescafe Classic Crema
10625,Elkali
6691,Finish
8718,Yuri Ligent
18922,3M SCOTCH BRITE
57303,Serve by Hai Sia 
6948,Natur-A
35652,All Good
9286,Ori Sprout
9027,Mustela
31255,Banana
26338,Guardsman
36244,Wheelers
39945,COOKVIET
58437,Cozycove
43985,Alor
9864,Maeil
29924,Bebest
28143,Lord Sheraton
28739,Iwamato
50629,Biesse
10412,Moony
31079,BB Kitty
64187,Mousedeer
17107,Ultra Compact
24079,Lusol
37992,Kind Kones
12888,Shih Chuan
38834,La Cigale Provencale
27207,Chen Jiah Juang
18776,Pai Chia Chen
17873,Kokumori
35644,Sunfans
18156,Pitambari
33945,Co Nut Ink
22293,EKSELENCE
18012,Eat Wholesome
12651,Tamanoi
18201,Le Organic
57460,Kamillosan
8707,King'S
9924,Ito En
49699,Green Gobbler
25092,Hungry Tiger
23310,The Foodiepedia
29062,Mizunotokei 
47505,Animology
40370,Goon
5692,Maxtea
8373,Rickshaw
17857,Plenish
28104,Bambo
7179,Egypt
13449,Spain/Turkey
7161,Enza
5883,Uk
7182,Sunpride
59199,BERRYWORLD
73480,Huggs Coffee
25457,MIRACLE
28227,Simple Green
6822,Shieldtox
28577,BoJia
7318,Gryphon
8485,Ten Ren
34701,Twinkle Baby
35618,JOHNSON
21419,Greenshield
22779,Home Line
17335,Pulppy
22229,Zeiss
9741,Everfresh
5821,Barbie
40412,Bibatoys
8118,Bounty
60035,Mianmumu
8185,Better Life
39297,Connetix Tiles
28471,Iconix
54568,SparksMag
48309,Little General
6783,Ziploc
27808,Brooke Bond Red Label
67676,LING LING GUO
10179,Lo Bros
5702,Sea Dyke
45907,JiaJia
40532,Driven By Battat
40493,Bristle Blocks by Battat
7504,Carkit
33279,Blue Bottle
20175,137 Degrees
30798,MILKLAB
20186,Surf
13831,Nippy'S
25542,Pacific Foods
34478,Plant Projects
41491,Happy Happy
18773,Kuang Chuan
18951,Koita
33847,Hello Bello
28151,Mr McKenic
62505,Frulla
19638,Little Pasta
17621,Piccolo
11580,Little Pasta Organics
6965,Axion
7202,Wipeout
7481,Asina
33086,Greenwipes
38925,C- FRESH
60037,Wei Ling
21707,Kartika
21263,Bailey
18416,Taiyou
10317,Pet Pet
45561,Minexmetal
23527,Queen's
17277,Ankou
16559,Dapple
23360,Magna-Tiles
28976,Fisher-Price
51042,Gold Coin
26599,Black & White
38118,Lacto Calamine
22996,The Baby Goat
37150,HO YAN HOR
9371,Ta Fu
28691,WHATIF
14658,Homeline
65259,Jiujiuxiang
45163,Petit & Jolie
37580,Fanning
7557,Tly
7298,Teekanne
61203,XINGHE TANG
28655,TOCAR
13192,Nice
36722,Eusik
17847,PODISTA
51248,Agi Life
5352,Pacific Fd
8861,Hyflux
65979,Midesk
68507,ecoChef
9964,Moon Rabbit Brand
60507,Jieti
18900,Wagh Bakri
28233,Wing Joo Loong
66097,LIANG
45527,POD LABS
17298,Marketplace
67668,Saturnbird
9602,Ozuki
34614,Diamond
18052,Daioni Organic
47082,TTC9409 Series
6418,Somat
9789,Just Wine
29616,TUUF
17945,Traditional Medicinals
59370,Nittoh Tea
27809,Brooke Bond Taj Mahal
12165,Nestea
23365,Bee Wrappy
27759,Angelcare
56784,Vahdam
19336,Richboy
60036,Bi C
33886,Wype
30801,OHE & Co
18371,Nek
7586,Terraillon
18765,HUNG FOOK TONG
50202,Top Vit
5733,Snapple
10531,Celsius
7448,Enfamil
17887,Cha Tra Mue
15276,Waghbakri
19117,Brooke Bond
17249,Georgia
7579,Amorim
45213,Amifa
20196,Wen's
48394,Wakado
11051,Delamere
17826,Remedy
10992,Basilur
18323,Organic India
22255,Kawamitsu
8115,Nestle Lactogen
7572,Frisolac
9137,Monster
9663,Bifido
22313,MyFarm
41456,Canyon
67126,Audio Technica
44580,Mpow
5670,Clipper
69277,Taihing
17715,Yogi
62507,Bonomellis
30666,Ronseal
12144,Rolser
9232,Bundaberg
53326,Lacys
17596,Nutramigen
56845,Kedamil
37990,Furminator
53349,OMG
53906,Silky Smooth
55206,TANG DING
7037,Tradition
17229,Singabera
12648,Ujinotsuyu
52493,Pocari Sweat
27783,Soehnle
35751,Crew
40492,Roll'eat
18376,Smart Clean
11251,Liberty
27806,Bebon
21048,Redbull
5764,Weider
48716,Miyoshi
40024,NYZE
19260,JOYROOM
33930,Science in Sports (SIS)
17521,Hydralyte
35830,CVitt
41461,Mama Cooks
62215,Perilla
38594,NutraTea
20285,SKK
49194,Chidori
41676,VISVIT
22260,Ootsuka
33097,Redbull Extra
30584,Nuun
9153,Colavita
10977,Pasta Zara
22778,The GUTsy Captain
51355,OAT-K
37191,Steaz
19787,Billion
10028,Masterfoods
6814,Ilc
10668,Golden Hammer
10634,Nisus
7655,Morelli
5375,Drogheriaa
5388,Fls
9579,Lea & Per
7537,S & B
20413,SG Homemade
9231,Swan Tai Ann
5518,Megah
8895,Sam Lock
8672,Falconmoon
5370,Crab
7624,Starflower
16815,Kotanyi
9685,Bushells
6538,Mh
16054,Zeal
16445,Mdh
48403,TheHomeShoppe
7451,Sixfortune
9284,Qoo
16444,Everest
29466,Benns Gourmet
26623,Taste For Life
21095,Nescafe Gold
19822,Safrina
5381,Tomax
17624,Pons
32910,Taster Wine
7650,Lakewood
20606,JX
12160,Joyfull
21109,Golden Pineapple
7899,Lobo
17008,Telugu
8275,Qp
20658,Original Kluang Rail Coffee
60634,TRUNG NGUYEN LEGEND
10730,Bru
38055,Kluang Coffee Cap Televisyen
41569,Picnic Baby
11103,Roji
5383,Primamix
15887,White King
55255,White Wings
18924,Terra Creta
5232,Cobram
59812,SALT COLA
35653,Karma Drinks
48682,ODOROKU
31266,Fukai
18655,Sim Soon Fatt
10033,Triple S
35468,Bich Chi
18751,SHIN HUA
18945,CHEF GENIUS
15253,Cravins
24630,Tungsan Straits Story
5395,Obento
8667,Mamafry
5390,Haruma
19684,Aroma
18881,GOGI
13236,Namisato
53596,Ristoris
62504,Palazzo Di Varignana
12700,Agf
7300,Best Foods
67579,Vitabee
6165,Gbt
48106,True One
12176,Elite
15277,Sakthi
26050,LeSpa Himalayan Pink Salt
13229,Hamaotome
17941,Nisshin
18373,Hime
24597,Phu Huong
7532,Itsuki
18756,Noodle Queen
18051,Cycle Brand
8913,Tong Hai
7351,Hinode
5570,Greatwall
57767,Fhirst
36873,Minute Maid Qoo
20353,Uncle Mo
16840,Wichy
18699,TAFU
16504,Goldwinner
31675,Daejunongsan 
37193,El Avion
25628,WAUGH's
28640,Sunmerry
19586,WINNER
19340,RASA ENAK
18365,Zam Zam
19620,Chung Hwa
21747,Tungsan
8140,Chillies
5367,Heng'S
18597,JIN QUAN YUAN
33809,LONGKOW
19487,JANTBURI
56674,AVALANCHE
5557,Yue Jian
42217,Brooke
27428,Tartufi Jimmy
19477,Hau Sanh
19025,Carmencita
25153,CUITISAN
18788,POR KWAN
18358,Heng Yoon
19625,Demisoda
7958,Belvoir
56229,BOS
48587,Appy Fizz
35470,Vina Bich Chi
33810,KIM'S Noodles
18779,Suo Zhan
5425,Red House
8505,Tao River Bridge
54218,La Anita
27429,Bealar Gourmet
17119,Shahi
10637,Swallow
5436,Tortally
27499,Simply Delish
5165,Ttl
5406,Thai Sing
17882,Kimlan
18093,Megachef
21276,Teraoka
5342,Yamasa
17986,Healthy Boy
19284,Bambino
24599,Sa Giang
18698,TENKA
19297,MAEYAI
42186,Mom's Dry Noodle
7996,Queen
47479,KAK ZAH
15586,Bull Head
9694,Sailing Bt
27906,JVR Premium
53073,Zerup
15537,Evina Naturals
17173,Rajnigandha
21275,Takesan
24492,ChinSu
18065,IGAGOE
21270,Maruten
38056,Kluang Mountain
6659,Vintonic
18217,Kanten
19312,Cap Bintang
59260,Ina Kanten
13077,Maehara
23721,MANGAL
9050,Chef Genius
20464,ZestyLeaf
19019,Sutharos
18899,Anil
37052,DooDoo
37190,Jarritos
23356,CHUA HAH SENG
37241,Nittaya
7502,Shimaya
6537,Saf
13066,Yamaki
18780,Tatung
36137,Vmart SG
29119,Fong Man
7478,Splenda
7015,Golden Phoenix
5313,Swanson
18119,Takamori
18233,Ikeshima
24603,Vifon
28190,Sauce Co - Zhan Kang
11044,Kuhne
5671,Melitta
8357,Bernachon
19285,Narasus
30788,Yit Foh
18212,KIZZ
28061,Maeil Foods
23718,VIMAL
18266,Chiba Shoyu
18022,Ikari
7744,Windmill
24063,Battler
9489,Ajitsuke
26684,Hwami
18195,Madhava
19801,Green Apple
50691,Loofah
18770,Kim Lan
8077,Maille
9289,Colman'S
5669,Davidoff
9593,Charmy V
9492,Temasek Gold
11670,Daawat
21085,PaddyKing
18686,Jin Huang
31137,GAGE ROADS
40926,NAKED LIFE
49862,Barbican
26836,Holgate
5457,Sunflower
5435,Marmite
18229,Inaniwa
18221,Kaizuya
5499,Koi Fish
5684,Tchibo
18049,Clipper Organic
5404,Happy Belly
24648,Miyako
18690,Pantai
49607,FN
18712,Ultra Epsom
7999,Alh
7296,Figaro
21207,HLGK
11712,Double Flying King
28546,Royal India
18685,Golden Eagle
72141,FAIRY DISHWASHER
19846,Maruei
7548,Star
5672,Swiss Miss
13234,Morita
5343,Marukome
5422,Otafuku
21794,GPA Sugar -
6527,Mitr Phol
24011,JVR
30506,Simply Roast
18098,Yamato
72908,El Gaitero
74019,Sobah
28909,Jiu JI Gong
5151,Naturotea
48039,Mae Krua
21110,PaddyGreen
9002,Dreamrice
43474,ROYAL MON
34943,Royal King
20631,Golden F.P
31660,Arawana
51526,Chef Dragon
20252,Kyoka
19845,Itomen
8466,Pillsbury
7920,Gabrielle
14108,Daito
18301,Daito Sato
10030,Bao Ding
12192,Mk
5397,Nico
7511,Carl Schmidt Kochsysteme
10027,Pansalt
40794,K-SALT
18687,Golden Wheel
42171,Supreme Gold
22318,Double Lucky
65835,Golden FK Cambodia
22784,Parliament Daily
27210,Ace Ashitaba
9587,Bonchoco
7312,Caotina
35210,FRESH BEAN HOUSE
37195,J-Lek
16438,Kubota
18191,Malony
17002,Kurata
5221,Kafera
5220,Billington'S
5219,Taikoo
20632,Horse Cart
17014,Lal Qilla
47005,Double FK AAA
21111,PaddyLand
17174,Telephone
9544,Boxer
8279,Sistema
24600,Hung Thinh
18808,HAN RIVER
24601,Hanh Phuc
8971,Kkoh Shaem
63684,HEALSLAB
13825,Casa
26560,Purigene
5646,Absolut
9608,Smirnoff
48093,23rd Street Distillery
7412,Tree Brand
20633,Ebara 
19480,Thuan Phat
15110,Tien Chu
26096,Maison Gourmet Sea
46411,Blackthorn
61172,Kaijin
5555,Hakushika
31653,Akashi
8539,Gordon
31732,Nangfa Pickle Fish Sauce
18572,Feng He Garden
8531,Soon
18688,Golden Camel
28554,Golden East Sun
15260,Ooty
18359,Maharani
15254,India Gate
34604,Siam Kinaree
21353,Uncle Cook
36696,Hippo
21280,Natures Choice
15258,Sri Ambikas
16452,Ruchi
8931,Chef Brand
18525,Silver Swan
8649,Orchid
33238,Granmas Organic
18203,La Perruche
34280,Blonvilliers
17924,Ajiwai
8197,Tanqueray
54500,JOHAN FRIETAG
17510,Hendrick's
23544,FOURPILLAR
57393,TERAI
20651,Aviation
47516,Vickers
19243,Tanqueray No. Ten
18295,Nyor Nyar
18997,777
29181,Tzong Hsin
8394,Claypot
18764,MAEPRANOM
12674,Coelsanus
21792,Gold Cup
39633,DOLLAR SWEET
18075,Profusion Organic
12645,Hakata
17916,NIHON SEIEN CO LTD
33398,Fruitables
5535,Bacardi
9181,Hakutsuru
8887,Teacher'S
6255,Bailey'S
9561,Umenoyado
7976,Glen'S
22835,SHAN SHUI
19116,Mummys
18834,Golden Parrot
50632,Vua Loai Gao
18275,Betamore
22831,RICE HOUSE
5361,Gilda
25942,Fox River
14366,Porcelain
9958,Farmers
25232,The West Winds
31678,Malfy
23806,TARSIE
7483,Bombay
46489,Oak & Barrel
9490,Jolly
5066,Corona
19800,Way Premium Foods
40842,Richis
12673,Golden Flying King
67682,WU CHANG
8680,Gekkeikan
23040,JIANG XIAO BAI
11654,Ballantine
10848,Signature
10177,Benedictine
19177,Angostura
9045,Singleton
34015,Hachikuma
22599,Kapriol
26753,Nongporn
6446,Fu Gui
34181,Detox (Milano)
44868,Kuro
58885,Caffe Bene
18769,Jin Man Tang
9915,Double Pagoda
35260,Tanoshi
19183,Bardinet
21791,Heng Heng
17905,Percheron Freres
16070,Veggietalk
22254,Jane 's
37503,Nhu Y
18656,S Crane
8569,Boost
10707,Lbs
8054,Nh
19233,Pimms
19205,Gordon's
7486,Skol
9497,Pureblonde
5173,Taiwan Beer
13071,Mitsui
17001,Mikawa
5353,Ebara
17943,Way Premium
16828,Allpremium
14027,Campari
8977,Jim Beam
5584,Martini
19227,Nikka
18187,Maruni
17934,Gemini Brand
54219,Le 5 Stagioni
49859,Nature Health
5696,Taylors
7500,Mrdowell'S
28762,Massenez
14088,Bols
26718,Godet
8911,Courvoisie
57394,FERRAND
17922,Acetaia Bellei
9197,Pun Chun
8107,Kwv
8101,Tahuna
20654,Kavalan
54935,SUIGEI
54916,KUHEIJI
19216,Jose Cuervo
47517,Beenleigh
17886,Gran Luchito
40778,Asian Do
47518,El Toro
12994,Don Julio
26719,Sierra
49840,Camino
37324,Imperial Selections
17012,Promex
17276,Awarua Organics
51246,Enricos
19481,Bakers Choice
8041,Cholimex
21676,Seiketsu Series
32263,Long Sheng
39819,Good Wheat
18828,KITCHEN XPRESS
25171,Prestigio Delight
24095,1CHI-YO
7725,Duca Del Valentino
6847,Vina Maipo
9946,Ta-Ku
57368,Terranamdo
10035,Grey Goose
7489,Belvedere
26598,Captain Morgan
13238,Shirayuki
20675,Dolin
13097,Gyokuroen
5534,Makkoli
9163,Hite
33317,BS BEER
6540,Danish
16779,House Of Sauce
34153,Sabzu
51447,Veeba
47103,Carandini
56668,Develey
21638,1924
18883,High Commissioner
19203,Glenfiddich
41332,The Balvenie
31683,Dalmore
19179,Auchentoshan
19211,Highland Park
25228,Old Pulteney
15330,Royal Salute
36916,The Glenlivet
60678,Maple Leaf Farms
15880,Datu Puti
14140,Tuborg
5164,Dester
5180,Erdinger
72316,FISH SOUP PARADISE
9013,Rapaura Springs
9545,G.Star
39577,Don Q
17104,Agromonte
65867,Al Mira
47039,Balblair
31113,Raiden
25119,Shinobu
49853,Rampur
67671,HUA CHANG
38498,COCK&BULL
9668,Casillero Del Diablo
8922,Tini
10638,Bruce Murray
28521,Selection 23
8658,Hhte
18205,Kurakon
37194,El Yucateco
55986,FOODART
10736,Ja-Rice
61129,Nomad
15256,Mummy'S
38318,Bush
62678,SunQ
34013,Umesky
9448,Cointreau
34823,Dassai
7517,Qingdao Laote
58096,BULLZER
10229,Kingfisher
5529,Budweiser
8720,Knock Out
27035,Leonard Kreusch
30799,NK Products
10935,Maker'S Mk
54553,McConnell's Irish Whisky
8109,Glenlivet
20673,Buffalo Trace
10965,Yamazakura
61920,McConnell's
25715,The Essential Broth Co
67675,YANGGUOFU
18231,Imamuraya
69332,True Made Foods
6542,Kilkenny
27308,CONNOR\'S
44383,HOBO Brewing
5539,Kopparberg
48092,Three Oaks Cider
19537,HOFBRAU
21590,Bliss
19223,Malibu
20676,Giffard
11653,Havana
22315,Luzhou Laojiao
14466,Kwei Feng
16964,One Shot
12663,Marutomo
5286,Hagoromo
60611,Christine Le Tennier
12656,Riken
5218,Kinmemai
45840,Hokkaido Sansanmaru
21269,King Foods
16508,Yealands
31745,ME by Matahiwi
20572,Lunardi
12521,Porta
10123,Chateau De Ricaud
24942,Cranswick
20603,Acrylic Domes
6456,Mr Clean
45581,Anglia Shandy
7521,Bullet
23627,LA CHOUFFE
26884,Hibiki
25574,Teeling
18673,JAMESON
18740,MONKEY SHOULDER
24588,OHE & CO.
47076,Kohao
47077,Mei Ah Houseware
13029,Komeya
8438,Baxters
5393,Pearlring
23105,HAORENJIA
16645,Bimah
62506,Acetaia La Tradizione
27848,Andrea Milano
6690,Spy
24699,Kenbo
9154,Villa Mar
20579,Riondo
27028,Lac de Bulles
53501,Paritua
24604,Prota
15561,Sunright
34480,Lesaffre
29179,Lescure Ming Chen
18062,Hsin
18114,Tonami
11405,Kostritzer
56776,NEZHA
10711,Brewerkz
5159,San Miguel
20407,KALYANI
26115,3Kraters
35695,OHTHREE's
28556,Ai
16822,Bioorto
26716,Rum Nation
19499,BROOKLYN
8465,Haywards
26829,4 Pines
49439,HAHN
54503,NORDIC VIBE
32914,Galipette
29755,Lindemans
9595,Carmen
5574,Lindeman'S
20290,FAVORITOS
9949,Casa Suber
12517,Fever-Tree
16369,Captain
15281,Parliament
24755,VGT
18691,Teng Eng
18023,Benediktiner
11715,Niigata
5551,Wychwood
54499,FIZZ
28358,Sabeco
49847,Isle of Harris
24590,SSS
72574,Ju He
24037,Nisshin Foods
56666,Valentina
35831,Nosafood
22257,Koukishoko
13035,Okinawa
9840,Acenuwara
31044,Niigata Koshihikari
17869,Pinical Estate
17436,Chateau
48426,La La Land
42133,Comte Alexandre
15463,Giordano
42132,Chateau Les Colonnes
20648,Singha Beer Can
17255,Brewdog
20647,Lion City Meadery
31041,Hokkaido Yumepirika
18689,Sun Eagle
13031,Iwate
31222,Niigata Uonuma Koshihikari
45841,Hokkaido Yukigozen
18186,Maruya
18037,Bell Foods
16831,Banjo
42146,CAP KAPAL ABC
9228,King
17766,Kadoya
12668,Asamurasaki
50469,CBCo
45962,Sanmiguel
18120,Tajima
34531,Idea Sekikawa
5623,Carlorossi
31366,The Grill
54199,BOUCHARD AINE & FILS
20552,Cranswick Estate
31744,Matahiwi
22998,C Lab & Co
34612,Komasa Japanese Craft Gin
26717,Kokoro
71233,The Gardener
49848,Whistler's Storm
49849,Bobbys
13250,Pan Tang
51567,Jui Long
19276,Song Fa
70136,CHATEAU DE RUTH-
6972,La Marca
10120,Chateau Barit
13233,Komasa
13048,Kinjirushi
21081,Ecovinal
20645,Estrella
29751,Chimay
10974,Duvel
27303,Sierra Nevada
30123,White Claw
12240,Fashion
46421,Iwate Furusato Hitomebore
31040,Hokkaido Nanatsuboshi
65834,Akita AkitaKomachi Musenmai
27036,Sabatacha
28715,Twisted River
42136,The Bench
8557,Finca Vieja
47709,Trentacoste
11871,Clearwater
8948,Finca Las Moras
16833,Whistling Duck
30119,Hawkers
26834,Eagle Bay
13226,Aseed
50651,Hello Sunshine
19091,Leffe
23317,EcoPure
36808,Tomax Spicer
6792,Double Elephant
26125,Kyro
17284,Moutai
54934,KIKKAWA
20022,Sake Inn
70134,DOMAINE DE LAMANDINE-
6534,Gallo
20581,The Crossings
8010,Cono Sur
60734,Gato Negro
47707,Meander
48424,Chateau du Tastet
16776,Les Dauphins
6760,Leila
9414,Ybarra
49532,Glencairn
66022,Magic Seasoning Blends
19847,Futaba
24540,KATO
45212,Bonstar
19200,Fernet
36914,Tequila Rose
46422,Nagano Koshihikari
56744,Koala Super Premium
46420,Iwate Hitomebore
18974,COMO
26839,Lost Coast
9623,Antigal
20580,Rooiberg
20553,Cranswick Lakefield
27024,The Great Wave
28710,Casalforte
11610,Bayede
47104,Pietro Coricelli
16297,Vintia
13065,Katagi
15524,Marca Leon
38777,Yamagata Haenuki
28144,Maier MHI
54938,KATSUYAMA
28819,Black Tears
21816,Beerfarm
5163,Yanjing
69141,CAVES SAINT PIERRE
20556,Domini Veneti
11026,Grove
54718,Iwate Furusato Sasanishiki
16823,Dipasa
25614,Mathieu Teisseire
30037,Guzzini
15918,Kameya
50653,Young's
13237,Sawanotsuru
9049,Stolichnaya
19214,Jagermeister
24970,Bacardi 
42141,Chateau Les Acacias
10604,Honore De Berticot
53500,Composition
24941,Aldridge
28519,Demarie
41727,Alchemy & Tonic
9322,Fever Tree
24589,SS-CUT
16501,Idhayam
15278,Rkg
45505,Nichibaku
22832,RICE CASTLE
22830,DUCK RAISED
35466,Saigon Cider
26837,Kaiju
25665,Nihon Shokken
7094,Diane
17564,Mastia
10990,Trivento
8026,Grantburge
36764,Camille Cayran
27214,Sedno
10036,Frangelico
20672,Bitter Truth
18140,Sengetsu
24969,Sourz 
19239,Sourz Apple
15488,Cuisinart
28766,Evcriverh
47081,SISTER
18248,GABA
6440,Greenmax
16403,Olivea
16459,Gowardhan
56628,Medina
13836,Ghee Hiang
22379,Bosteels
27025,The Girl With A Pearl Earring
24424,Paladin
10931,Moet & Chandon
10236,Cloudy Bay
20557,Elegance
8737,Confucius
21793,Supreme Dragon
61669,MISTY
26638,Fresh Series
24591,Tsubazo
21266,Hirao
68655,Compagnie du Mont Lozere
12765,La Trappe
19536,VEDETT
21584,Yamamo
20350,Tomax -
28410,Harvist
30535,Sri Gajaletchumy
18642,MANZ
33951,Nuiton
8928,Chandon
10653,Chateau Du Ballandreau
19829,DARK HORSE
20567,Babydoll
44384,The Loose Moose
18086,Oliver
12644,Daichu
5655,Matua
61173,Castelvecchi
20565,Le Preare
20548,Cantine Paolini
28522,Zilzie
27030,Dominio de Baco
59493,Caelus
46212,Scotch-Brite
15531,Pik-A-Pikel
48395,Sai Hing
18312,Spy Cocktail
67362,Edinburgh
70130,EDERRA-
8108,George Wyndham
20562,La Torretta
40407,Pure EST
6656,Camry
22990,Alitea
43758,3:15PM
35835,Dasavi
10752,Barton & Guestier
18604,BARTOLI GIUSTI
6013,Diablo
35755,Horikoshi
7631,Kinkushu
5171,Beck'S
7496,Peroni
5505,Maicar
24007,Westfalia Fruits
20624,MommyJ
12693,Kenko
23720,KEY BRAND
47708,American Gothic
8915,Rawson'S Retreat
20570,Impero
21677,Shimomura
34014,Sakari
33087,Finery
18901,La Molisana
21667,Keikaisai
47068,Dynasty Melamine
16775,Marques De Riscal
49078,BREAD & BUTTER WINE
6879,Beringer
36711,Sei Bellissimi
28095,Peter Lehmann
50016,BPR AGNEAU
27600,ESSENTIAL ORGANIC
12099,Als
56546,SMEG
6995,Zara
18181,Ming Teh
55651,Red Fire
24587,Kokubo (Ribbon House)
14344,Champagne
11848,Marq D/Ris
50013,BPR BARON
57110,INVIVO X SJP
28518,Beaujolais
32522,Terres Secretes
10124,Cap Royal
27119,RHINO RUN
22259,Aroma House
27861,Green Leaves
33388,Alb.Gold
61388,HYU
26440,Dophin Collection
17011,Solaria
20563,Laughing Bird
27029,Senda Morena
17457,Duorum
57314,Kochabi
32259,La  Molisana
39725,Japanese
43544,TSARINE
54455,APPRIMONDO
5468,Saporito
5508,Agnesi
50085,SQUEALING PIG
33067,Crazy Tropez
35424,Cami De Flors
23722,ROOH AFSA
70511,Wistech Home
72517,KITCHENISTA
12090,Rubbermaid
18357,Handflower
53498,Casali
47069,Hanagata
17648,San Silves
8907,Ruffino
11586,Wither Hills
16350,Bluelounge
49555,BLOC & BARREL
32938,COPOWER JADE WINES
25451,ANGAS & BREMER
10608,Sendero De Chile
10136,Upsidedown
61671,CHOA
25545,Statgear
16774,Villa Sandi
36715,Honor
47511,Greedy Bird
40406,Indole
54069,Pra di Bosso
53497,Cantastorie
18895,Master of Mixes
8908,B&G
46047,Craft One
9469,Torbreck
7947,Canard-Duchene
42137,Chateau Laroque
38489,Ponykasei
62461,J-HARDEN
28520,Jean Vincent
17838,La Crema
32875,PEPPERJACK
70135,KLOSTER EBERBACH-
53072,Trista
26771,STICK-IT
24055,LOMA NEGRA
16932,Tempus Two
42135,Helfrich
16773,La Gioiosa
5635,Dourthe
14541,Mcguigan
29408,Kapuka
10092,Anakena
60949,CAVANZA
28193,Condix Biotechnology
10852,Sangre De Toro
29407,Genus
31264,Cakebread Cellars
7741,Toyal
8304,Veuve
40740,Aurelius
54640,LE C
22742,Fiskars
40743,Chateau Paran Justice
46267,FRANCIS COPPOLA
17741,Kendall Jackson
42138,Chateau Dauzac
7992,Clos Des
20601,LILLET
68753,Big Chop
11629,Wynns
34175,Tenuta Cappellina
9004,Kendall J
49016,Cadao
9473,Alkoomi
50646,SAGA R
47514,HOOK'D
20615,Toyo Glass
32671,Chateau Florie Aude
32672,Chateau Jaron
17725,LISBONITA
19158,Bottega
48425,Donna Lorenza
26339,Cafe de Paris
20559,Herdade Da Pimenta
33948,Burti
51184,Petit Monteria
62391,Cannamela
25532,Duckhorn
8909,Robert Mondavi
36204,Vina Zaco
18215,Kensyo
49730,Gurubas
14442,Bolla
18927,Arogaia
16642,Decoy
20514,NAPA CELLAR
16320,Brund
12096,Kis
20283,Fukujyen
14958,Okf
5691,Red Train
30803,Cleanwrap Inaus
21662,Ajiwai Shokubou
32264,Chuweijie
27968,AnySharp
45845,Shouban-kun
37192,San Marcos
62343,IZUMI
8590,Envirole
11004,Bayer
9005,Ars
28631,BOCHURIKI
30587,BOIVIE
19074,PF HARRIS
32142,PF Haris
6850,Pest Stop
33478,Antbreaker
28150,Mosquito Killer
10633,Gloden Rooster Brand
58048,BRISANDES
31989,3-In-1
16549,Haart
19100,MARGAUX
32685,Chateau La Fleur Cravignac
26466,PARAMOS
29979,DICKINSON
32676,Chateau La Croix Cantenac
20585,Villa Vetti
34176,La Bollina
17611,Pacheca
10936,Miguel Torres
54619,TOURS
37226,RED DEER
9846,Sterling
25733,Murphy Goode
44014,Takara Shuzo
61561,Raidis Estate
22595,Corte Volponi
16901,L'Orient
27115,LOS CARDOS
53075,Hammerite
58102,Marco Polo
24988,Peter Weinbach 
24992,The Shy Pig 
15111,Maison
31067,PICKER HUT
39315,Hayashi Tsuru
40936,Graphenstone
11906,Bg
9468,Joseph/Phe
9410,Clos
54133,LAS LAMAS
5578,Taittinger
65438,Loose Moose
19725,INGLENOOK
54134,POGGIO ANTICO
18643,MARQUES DE BORBA
33365,Pierre Ferraud & Fils
19247,Togouchi
40738,Chteau Deyrem Valentin
25535,Migration
21655,Luis Felipe Edwards
13441,Le Petit
55111,DURFORT-V
16528,Luigi Bosca
72567,BLACK STALLION
40734,La Palazzetta
19107,WOHU
38736,Gunuo
54627,G
45019,Chateau HAUT CHATAIN
45017,Chteau Roche Lalande La Croix
40735,Chateau Du Glana
20474,Gawler
43952,ST.HALLETT
40733,Monchiero
43955,A BY ARRAS
40744,Chateau Marzy
36231,RAIMAT
42140,Chateau Mazeyres
26305,Taylor's
18271,Brygon
31131,ST JOHNS
67361,BenMarco
52537,Arnaldo Rivera
19224,Midori Melon
40895,Chateau La Louvire
34174,TenutaCappellina
37004,CRAFT
46350,Crea
52526,Cantina Sampietrana
34178,Cantine De Falco
25584,Vina Santiago
18111,Unaki Honkaku
18262,Cristo Di Campbello
34792,Bodegas Torres
21656,Salentein
8186,Louis Jad
53595,Lloyd's Block
46043,Nakano
45026,Alceno
54623,LES CHAUX
35265,SHIRAYUKI
13224,Aichi
32675,Chateau Tour Bel Air
42143,Domaine Saint Saturnin
29243,Herdade
30298,Emiliana
10627,Columbia C
51412,AEROSTATO
34177,Corte Medicea
20657,Shingleback
41293,Chateau Langragnat
32673,Chateau Franc Couplet
14257,De Bortoli
8919,Camp.Viejo
42139,Chateau de Lamarque
8461,Ido
34820,La Catrina
50012,BPR BARONNE
62037,Paul Mas
16580,Faustino
32448,The Uncommon
38929,Paritua Stone Paddock
20558,Good Company
20564,Le Morette
70131,FINCA-MONTALVILLO-
34180,Cantina Di Custoza
13270,Zonin
41724,Chateau Fournas
9557,Cinzano
32674,Chateau La Verriere
8290,Woodbridge
10767,Banrock Station
31300,MORISH VICTOR
45025,Finca
35547,2021 Riebeek
9885,Aus Craft
52527,Lloyds Block
34121,BAREFOOT
21004,Bellevie Pavillon
55110,ALTEZA
24980,Finca Lalande
11630,Cavaliere
9559,Half Mile
9965,Siete Sole
34418,Gossips
39601,Si Mento
20550,Conte di Matarocco
15525,Monde
25573,Kamana
38088,VIG ROMIO
36811,Zilzie VIC
10103,Moulin De Citran
33065,Biagi
31746,Stefano Farina
20584,Vidal Fleury
16650,Legaris
67360,Apothic
24978,El Campo 
24989,Peter Weinbach
24982,Hans Baer 
19166,Montgras
35422,Impuls
35423,Dignitat
36714,Vita Vivet
35421,Cavarnicola
27031,Vinedos del Horizonte
31367,Copperstone Creek
17419,Bredasole
34419,Rumours
34420,Sweet Lips
20649,Ruinart
21654,Piper Heidsieck
9927,Pierre
5562,Piper-Heid
29330,ALBERT LEBRUN
8661,Lanson
50457,Clair De Bulle
61171,Castello Bonomi
53594,Baglietti
35116,Acquesi
50458,Sessantacampi
35775,Pieter Cruythoff
9552,Mumm
20555,Didier Chopin
20586,William De Montez
